Epoch,Train Loss,Test Loss,MAE,MSE,RMSE,RÂ²
1,0.8970885987333239,0.10752378876893148,0.22905100698719835,0.10752378876578413,0.3279082179069519,-26.13240173366191
2,0.7688789928692371,0.15810731732315922,0.2823907273764192,0.15810731728539093,0.3976271152496338,-38.89657822570954
3,0.6885893690836589,0.22653225200558202,0.34707316688580303,0.22653225214406572,0.4759540557861328,-56.16283011745827
4,0.6318241664821675,0.3718380035952714,0.4374219657425795,0.37183800348196655,0.6097851991653442,-92.82907918443753
5,0.5895839876267976,0.37826864254872467,0.43854717362807033,0.3782686426179665,0.6150354743003845,-94.45177762582357
6,0.5576357944489412,0.3427561997796064,0.4245647587435262,0.34275619981108,0.5854538679122925,-85.49061772027947
7,0.5328848796297257,0.3954053042616433,0.44710695392315764,0.3954053041672226,0.6288126111030579,-98.77601871577454
8,0.5116422044302333,0.40511978689330547,0.46444460177121943,0.40511978680203214,0.6364902257919312,-101.22735761024447
9,0.49498329688709514,0.40811333249106,0.4630822081892679,0.40811333249106,0.638837456703186,-101.9827447220184
10,0.47825296117309135,0.4411579400225443,0.4861876226828637,0.4411579400131022,0.6641972064971924,-110.32117454030009
11,0.4649896537747076,0.45178188812249265,0.49926552640081195,0.4517818881240663,0.6721472144126892,-113.00200667477918
12,0.45376477970981577,0.4915805567118494,0.5082420542393986,0.491580556743323,0.7011280655860901,-123.04474677757378
13,0.444515011528349,0.49330342289153595,0.5130463446668391,0.49330342292930424,0.7023556232452393,-123.47949240947491
14,0.43534353144058596,0.4785160023019966,0.50631297559997,0.47851600227996505,0.6917484998703003,-119.74805546637687
15,0.42713075512112725,0.5078260403951479,0.5172215307233502,0.5078260403920005,0.7126191258430481,-127.14410928863347
16,0.41942094298786536,0.5489200517410889,0.5324653493450365,0.5489200517473837,0.7408913969993591,-137.5137143568723
17,0.41233579353840966,0.47946036245159696,0.508217859323582,0.47946036243428647,0.6924307346343994,-119.98635398043058
18,0.40267891775489023,0.5347042211900607,0.5248863806076445,0.5347042211459977,0.7312347292900085,-133.92651164311127
19,0.40018137440355445,0.5005165518009999,0.5090139492573538,0.5005165518135893,0.7074719667434692,-125.29964321416253
20,0.39552791950993177,0.5598017202653065,0.5298988159310416,0.559801720282617,0.7481989860534668,-140.25957930098832
21,0.3901135135150086,0.550562109781276,0.5417448130035643,0.5505621098190442,0.7419986724853516,-137.92806898278067
22,0.3849722381517629,0.5567094310921417,0.5324768984578381,0.5567094310889943,0.7461296319961548,-139.4792753920478
23,0.38016350155325784,0.5784167615510504,0.5487170407759223,0.5784167614943979,0.7605371475219727,-144.95687263713452
24,0.37560424179074453,0.5593370719382901,0.5369229170422277,0.5593370720075319,0.7478883862495422,-140.14233060831137
25,0.3720740683471241,0.549677070279423,0.5426720522414141,0.5496770703486649,0.7414020895957947,-137.70473936673835
26,0.36667066017204075,0.5440930241276488,0.5304698069881947,0.544093024278722,0.7376266121864319,-136.29566902976393
27,0.36333309211700476,0.563129891644487,0.5414136119548038,0.5631298916130134,0.7504198551177979,-141.09940537679253
28,0.3585040185030227,0.5798298652433446,0.544143471600501,0.5798298653283231,0.7614656090736389,-145.31345327248542
29,0.35541248550921556,0.5954029151278925,0.5453734130488742,0.5954029152852603,0.7716235518455505,-149.24313481086944
30,0.35181505265401103,0.607056850911899,0.5534164967739867,0.6070568509276357,0.7791385650634766,-152.1838725513888
31,0.3499338688524577,0.5330583268743292,0.5229890558784849,0.5330583268428556,0.7301084399223328,-133.51118898794266
32,0.34414688785314385,0.5878870318420385,0.552491968593825,0.5878870318357438,0.7667379379272461,-147.3465873447095
33,0.34193484176617406,0.548562278480285,0.5307022331004939,0.5485622783103278,0.7406498789787292,-137.42343431061224
34,0.33784166308417124,0.6125776696380132,0.5542306025562775,0.6125776694806454,0.7826734185218811,-153.5769881456058
35,0.3343705272686347,0.5786766234377342,0.5378709299685975,0.5786766235447444,0.7607079744338989,-145.02244586168572
36,0.33235881884927226,0.5126702163259487,0.5202699137131834,0.5126702161937596,0.7160099148750305,-128.36648180201382
37,0.3299184641906902,0.5321895349037057,0.5192958846592276,0.5321895350484841,0.7295132279396057,-133.2919592876282
38,0.3273656116481411,0.5542199915824388,0.5264172593546916,0.5542199915415231,0.7444595694541931,-138.85109371551872
39,0.32475934293844927,0.5752750098680113,0.531543402198955,0.5752750097893273,0.7584688663482666,-144.16408742757432
40,0.32328568699946497,0.5544502562033311,0.5353299083623102,0.5544502563858777,0.7446141839027405,-138.90919842270844
41,0.3191958918302115,0.516497302117047,0.5094438128189875,0.5164973023058885,0.7186774611473083,-129.33220333262122
42,0.3160853147208828,0.5778624644965855,0.5358124165036935,0.5778624645469432,0.7601726651191711,-144.81700212447205
43,0.31278145126155826,0.4854737052205926,0.5077259421461877,0.4854737054031393,0.6967594027519226,-121.50375249350385
44,0.31277182652335817,0.5039941427359952,0.5012522149657559,0.5039941426730481,0.7099254727363586,-126.17717360392287
45,0.3101179363138369,0.49283149981967045,0.49213989786367024,0.4928314998605861,0.7020195722579956,-123.36040800559724
46,0.3058943169267515,0.5842646803702557,0.5442386745135023,0.5842646804426449,0.7643721103668213,-146.43252828534975
47,0.30474260470802383,0.5205097325041549,0.5011790811681913,0.5205097325954282,0.7214636206626892,-130.34469435245725
48,0.30092995791697347,0.6100758988548325,0.5307269484632458,0.6100758988202115,0.7810735106468201,-152.94569485336294
49,0.30076820795735665,0.5381652933530362,0.4999430479476112,0.5381652933734941,0.7335975170135498,-134.79987374449897
50,0.29726812534324265,0.6109908011460936,0.5232023341261178,0.6109908011586831,0.7816590070724487,-153.1765600235677
51,0.29766989619927925,0.5234293281081511,0.5031975852308839,0.5234293280200252,0.7234841585159302,-131.08142095844096
52,0.2954301600169577,0.49855749079148537,0.4908134212387138,0.49855749079463274,0.7060860395431519,-124.80529651007762
53,0.29337522055470683,0.5289298388695866,0.5024742081545767,0.5289298389105022,0.7272756099700928,-132.4694121456367
54,0.29224222261378613,0.5014991741967763,0.49729152294307594,0.5014991741936289,0.7081660628318787,-125.54759676447684
55,0.28993173593794835,0.5733320873290889,0.5166522540566737,0.5733320873149258,0.7571869492530823,-143.67381310113987
56,0.2894467389569339,0.5804852927822614,0.5155867997488863,0.5804852926941353,0.7618958353996277,-145.47884289277854
57,0.2879243257958084,0.4924270619682229,0.4809632329530884,0.4924270619509124,0.7017314434051514,-123.25835271190319
58,0.28588121726668586,0.5546415361951202,0.5090087653339469,0.5546415361888256,0.7447426319122314,-138.95746569934266
59,0.28663627323125773,0.5197605363987657,0.49236674771564215,0.5197605364349603,0.7209442257881165,-130.15564324631174
60,0.2840144358787053,0.4469651846375054,0.4667744333885806,0.4469651846815684,0.6685545444488525,-111.78656649792268
61,0.28221498573632375,0.4776192878119507,0.47963566180330003,0.4776192878025086,0.6911000609397888,-119.52177979545777
62,0.2807822621943353,0.4831720583541351,0.47089605767518666,0.48317205835098775,0.695105791091919,-120.92295811130342
63,0.27993034726457267,0.5307815862562453,0.48332264375782324,0.5307815862263454,0.7285475730895996,-132.93667946070622
64,0.27820818917859874,0.5240070139600755,0.4865892836606695,0.5240070139207336,0.723883330821991,-131.2271934066946
65,0.27847850021063375,0.4594396383533358,0.4628575762419278,0.4594396383171412,0.6778197884559631,-114.93435259561649
66,0.27529589124975495,0.5166567172432213,0.4801940951204839,0.5166567172227634,0.7187883257865906,-129.37242986868955
67,0.27535492621341423,0.43346545595920805,0.4402813697921297,0.43346545595291336,0.658380925655365,-108.3800639242533
68,0.27349377423524857,0.5190179927766556,0.4659791151867181,0.5190179927294453,0.7204290628433228,-129.96827081129902
69,0.27311029232174433,0.4943256712202815,0.4646480239574478,0.49432567126749183,0.7030829787254333,-123.73744511837444
70,0.27308184545019754,0.469530713877339,0.45752192656484497,0.46953071389622314,0.6852231025695801,-117.48072042434688
71,0.27043397011140047,0.4609578320120592,0.44474183643162596,0.46095783196956985,0.6789387464523315,-115.31745144806594
72,0.2683772768760811,0.39517339792431866,0.43642253847532103,0.39517339792431866,0.6286281943321228,-98.71749982038183
73,0.26937893669244306,0.45212316175507494,0.44021129441973855,0.4521231617377645,0.6724010705947876,-113.08812317880349
74,0.2684942682461353,0.4200649855734932,0.4300393740722176,0.42006498552628285,0.6481242179870605,-104.99860805101036
75,0.2682017075921061,0.4555540016352381,0.43321001432755013,0.4555540017107747,0.6749474406242371,-113.95385651558524
76,0.26630387748691126,0.5050060949367484,0.4577652399889178,0.5050060948895381,0.7106378078460693,-126.4325282039443
77,0.26639295257427154,0.47881810643760064,0.4526461797803467,0.47881810650998985,0.6919668316841125,-119.82428802317716
78,0.2650968407159626,0.36057319974276747,0.4076831752464076,0.3605731997789621,0.6004774570465088,-89.9865344505784
79,0.2654739740188426,0.4202894462534739,0.42657085416284,0.42028944621570563,0.6482973694801331,-105.05524814590228
80,0.26340003762494396,0.4483859426419553,0.43241869004604394,0.44838594261677645,0.6696162819862366,-112.14507855843351
81,0.2638919877738207,0.42519052533775314,0.4309625933799538,0.42519052534090046,0.6520663499832153,-106.29197956394144
82,0.26252733174982207,0.4676390696898825,0.451232631401145,0.4676390696709984,0.6838414072990417,-117.00338557923871
83,0.2622390565757244,0.45330897689633615,0.43170755502980995,0.4533089769907569,0.673282265663147,-113.38735013309336
84,0.26192191881038224,0.4352546164875915,0.4326319680418884,0.43525461643093905,0.659738302230835,-108.83153816463305
85,0.26234465166821436,0.49101146011175534,0.44121166136187,0.4910114601211974,0.7007220983505249,-122.90114173580561
86,0.2606858288269403,0.38160715112103644,0.423966809202366,0.38160715108012083,0.6177436113357544,-95.29421215892685
87,0.2597211520304234,0.44334196755209143,0.42643383884017,0.44334196747655485,0.6658393144607544,-110.87228896080128
88,0.2590634838135325,0.39052043615833787,0.4086501918381403,0.3905204361488958,0.6249163150787354,-97.54337798565794
89,0.25870261945337086,0.477953272252529,0.4418521108213379,0.47795327218328715,0.6913416385650635,-119.60605694469209
90,0.25969412066305797,0.3984572499920041,0.41560120456182714,0.39845724992276227,0.6312347054481506,-99.54614241825142
91,0.25617904306940636,0.3694177096107087,0.4137940932030234,0.3694177095288774,0.607797384262085,-92.2183456100114
92,0.2572417909253582,0.46345874338465576,0.43925216923370347,0.4634587432650562,0.6807780265808105,-115.9485278893658
93,0.2569564378770636,0.46795117892840304,0.4461298503043823,0.4679511788780453,0.6840695738792419,-117.0821427778789
94,0.2575844689165001,0.38839368683469244,0.42157273021113445,0.3883936867591559,0.6232123970985413,-97.00671703377373
95,0.25581574122408757,0.37107951742081446,0.40492515685326924,0.3710795174900563,0.6091629862785339,-92.63768389528258
96,0.2568439897719942,0.42704930957865095,0.41789029548230877,0.42704930963530335,0.6534901261329651,-106.7610225802903
97,0.25584041119565537,0.4416876329717496,0.4301438814534445,0.4416876329654549,0.6645958423614502,-110.45483651541917
98,0.2552508230611957,0.45328226669629834,0.4350961578573391,0.4532822666679721,0.6732624173164368,-113.38061008778293
99,0.25453039394119376,0.4523104121362676,0.4408115899125983,0.45231041207961514,0.6725402474403381,-113.1353736668878
100,0.25236117815837045,0.47917683151263296,0.4494598180744889,0.47917683146227524,0.692225992679596,-119.91480817345291
101,0.25481963442416466,0.4835694955443742,0.4613887816148243,0.48356949556640566,0.6953915953636169,-121.02324685964835
102,0.2540551763377357,0.5184103923251075,0.46353921412867694,0.5184103922369815,0.7200071811676025,-129.81494975700647
103,0.2532275932970596,0.3693201212057633,0.39999528046532534,0.36932012112707935,0.6077171564102173,-92.1937202898611
104,0.25235758668588404,0.4166309584287419,0.43992598188478627,0.4166309585042785,0.6454695463180542,-104.13207049876479
105,0.2514203878279883,0.4420386762833794,0.4374405353244802,0.44203867631800037,0.6648598909378052,-110.54341830161295
106,0.2504722441135134,0.35972378173978165,0.40046173187454875,0.3597237817366343,0.5997697710990906,-89.77219349562509
107,0.25058719922104045,0.39414860277404906,0.4150317726926877,0.394148602720544,0.6278125643730164,-98.45890443899965
108,0.2507061707750712,0.3856277363578424,0.41010457785281373,0.3856277364522631,0.6209893226623535,-96.30876102084497
109,0.2512933648579315,0.45516178660879214,0.4385126500689174,0.45516178658046597,0.6746568083763123,-113.85488550085716
110,0.24989600327339886,0.42042128668250395,0.42315535664193316,0.4204212867076828,0.6483989953994751,-105.08851659034745
111,0.2509447922418004,0.4474637737307469,0.4354867583432058,0.4474637736772418,0.6689273118972778,-111.9123797443296
112,0.24979688080292234,0.440827608845002,0.4218730971332034,0.44082760875687604,0.6639484763145447,-110.2378192153809
113,0.24948852607773456,0.36526501560358476,0.398973646102504,0.3652650155563744,0.6043715476989746,-91.17046064955545
114,0.24923462984288744,0.4178183859562166,0.4138226887280642,0.4178183858838274,0.6463887095451355,-104.43170425480412
115,0.24857171531042624,0.41951575415453446,0.4285427659375449,0.41951575417656595,0.6477003693580627,-104.86001578416139
116,0.24866542428883082,0.3722214975837594,0.39802336516558073,0.37222149767818014,0.6100995540618896,-92.92584957091321
117,0.24866206868790752,0.38130839577473663,0.4003795603409603,0.38130839577788395,0.6175017356872559,-95.21882466585768
118,0.24880364260453347,0.4389578676287331,0.42894122894896236,0.43895786780498514,0.6625389456748962,-109.76601141148097
119,0.24710323522234454,0.43300227351130244,0.4181948774454397,0.43300227355536547,0.6580290794372559,-108.26318512905381
120,0.24740123096634015,0.3486816133607062,0.38975045360976507,0.3486816133921798,0.5904926657676697,-86.98582825523093
121,0.24787741710647593,0.4002118496121405,0.4077609742326059,0.40021184960584577,0.632623016834259,-99.98889563621026
122,0.24846185208976254,0.3974766632561095,0.4090419766366362,0.39747666320889913,0.6304575204849243,-99.29870254507898
123,0.2471814626190035,0.46788128142731283,0.4372107053032167,0.467881281402134,0.6840184926986694,-117.06450494704755
124,0.24582979556051085,0.45721610542750685,0.4167702139865409,0.4572161053865912,0.6761775612831116,-114.37326942107244
125,0.24718064703396422,0.40599289394215604,0.4115025271759049,0.4059928939138298,0.6371757388114929,-101.44767623169311
126,0.2448369053753975,0.3943781953846745,0.4030764105831359,0.39437819535634827,0.6279953718185425,-98.51683952202859
127,0.2468369112163338,0.43529092369953043,0.4215382822137257,0.4352909237372987,0.6597658395767212,-108.84069989929033
128,0.2458528934685537,0.44374008512141927,0.41635559551667256,0.44374008514345076,0.666138231754303,-110.97274941331581
129,0.24600385138533643,0.4044345757328088,0.40413949766309126,0.4044345757674297,0.6359516978263855,-101.05445242082942
130,0.2433406649194792,0.49652692313644475,0.43043666714813206,0.4965269231868024,0.704646646976471,-124.29290593385805
131,0.24574254169988713,0.4224007044784974,0.4044591895830721,0.4224007043903714,0.6499236226081848,-105.58800006634743
132,0.2446047634951542,0.37453563397437295,0.39041882785475235,0.37453563390513106,0.611993134021759,-93.50979545392914
133,0.24317788161121126,0.48435218160432425,0.42893925585833886,0.4843521814847247,0.6959541440010071,-121.22074872422057
134,0.24409805263020296,0.4984866021617449,0.4221687348871677,0.4984866020987978,0.706035852432251,-124.78740855620391
135,0.24128844618687714,0.554559757000026,0.4383845144471871,0.5545597571070361,0.7446877360343933,-138.9368296807835
136,0.24544145321659608,0.4222010894295834,0.41612319647164264,0.42220108941699397,0.6497700214385986,-105.53762950452202
137,0.24182815306764752,0.5066483750178495,0.425721840793498,0.5066483752003963,0.7117923498153687,-126.84693890937943
138,0.24294462669165998,0.45296216890969665,0.4040887232679842,0.45296216900411734,0.6730246543884277,-113.29983709317953
139,0.24401470397307387,0.3836696424248768,0.39869472204738743,0.3836696424406136,0.6194106936454773,-95.8146583300248
140,0.2409035432863537,0.5183002608618259,0.42153190383061095,0.5183002606981634,0.7199307084083557,-129.78715931928977
141,0.2431014587496583,0.34124783455911656,0.36261256799386665,0.34124783463780045,0.5841642022132874,-85.10999897244469
142,0.2426287394449279,0.4529193772683867,0.40892771340584805,0.4529193772148817,0.6729928255081177,-113.28903907322719
143,0.24157353909604218,0.4052243523936247,0.37663210091715266,0.4052243523936247,0.6365723609924316,-101.25374354466115
144,0.24099897808394646,0.3686444246192356,0.38174470627442597,0.3686444246176619,0.6071609258651733,-92.02321598235866
145,0.24183413398111003,0.3485424049833607,0.36255415597074275,0.3485424050557499,0.590374767780304,-86.95070061927198
146,0.2410335533912135,0.38456635681499407,0.3817018473308232,0.38456635676148904,0.620134174823761,-96.04093396143246
147,0.23985228250640486,0.36005389533975535,0.3731144546694508,0.36005389530198706,0.6000449061393738,-89.85549388873523
148,0.23991296962864234,0.3356581163442252,0.35710583335936086,0.3356581163489462,0.5793600678443909,-83.69949731572245
149,0.2382908036103778,0.45979786435749403,0.3981333196899659,0.45979786430084163,0.6780839562416077,-115.02474683686079
150,0.2426062000628168,0.4411835253351983,0.3912439875573011,0.4411835253509351,0.6642164587974548,-110.32763070848891
151,0.2386878705237518,0.4850628934615718,0.4006756148427451,0.4850628935748766,0.6964645385742188,-121.40008881415153
152,0.24060306378673812,0.4315339264477907,0.3936777287217427,0.4315339263754015,0.6569124460220337,-107.89266446540742
153,0.24111146306007586,0.3982483209358159,0.3789392698527465,0.39824832093266854,0.6310691833496094,-99.49342157053856
154,0.2376602000870741,0.3911783771229616,0.36995218640862354,0.39117837706316183,0.6254425644874573,-97.70940187123516
155,0.2405689214357631,0.381682152996875,0.3766587291930643,0.38168215297641717,0.6178042888641357,-95.31313803202394
156,0.23868436857014164,0.485059192985035,0.39590091314546433,0.4850591930228033,0.6964619159698486,-121.39915502204244
157,0.2380071222958803,0.3393382606706268,0.35355177251977143,0.3393382607021003,0.5825274586677551,-84.62813976939516
158,0.23868181483954443,0.3787960965382674,0.3678611402766407,0.37879609655085683,0.6154641509056091,-94.58487460991843
159,0.2390883050038678,0.5049369975976423,0.41756514297366104,0.5049369975472846,0.7105891704559326,-126.41509227771562
160,0.23891284087024028,0.38366984887653877,0.3616153712710253,0.38366984885765465,0.6194108724594116,-95.81471041701083
161,0.23386757253554494,0.3437318599386809,0.36426756349004225,0.3437318599465493,0.5862864851951599,-85.73681442758426
162,0.23758434052951083,0.3870079985164025,0.3823152899377033,0.38700799851168144,0.6220996975898743,-96.65705440897553
163,0.23817303278932372,0.40035352917766354,0.38503556964591057,0.4003535291627136,0.6327349543571472,-100.02464685646123
164,0.2388668828544336,0.43992280562571834,0.3801282911293609,0.4399228056194236,0.6632667779922485,-110.00950246336696
165,0.23729595955674487,0.35016585254646526,0.3444137184732453,0.35016585251341803,0.5917481184005737,-87.36035906900253
166,0.23666808328608163,0.4585960363542937,0.3942482917257694,0.4585960364266829,0.6771972179412842,-114.72147928025136
167,0.23767668648189547,0.539835672828919,0.41537324200588993,0.5398356729736974,0.7347351312637329,-135.2213749851142
168,0.23656471139627583,0.5070102156531068,0.40437478969562696,0.5070102157664116,0.7120465040206909,-126.93824524924483
169,0.23772818781450625,0.4517949168998282,0.3830300699708983,0.45179491691556495,0.6721569299697876,-113.00529434171413
170,0.23548311683907772,0.32886979073893496,0.3323939381009335,0.3288697906791352,0.5734716653823853,-81.98654075711899
171,0.23675679754102846,0.3258732090925343,0.3406023831387132,0.32587320917751295,0.570853054523468,-81.2303875926618
172,0.23468527293207764,0.3369295278430136,0.33999053712303606,0.336929527899666,0.5804563164710999,-84.02032351947621
173,0.23669432537687668,0.35457290365996147,0.35720783439958115,0.35457290368356664,0.5954602360725403,-88.47242816721614
174,0.23678557531882474,0.42983205871960845,0.36846507367343484,0.42983205878570296,0.6556158065795898,-107.46321758977898
175,0.23539525136405773,0.393419604079084,0.35204876195617735,0.3934196040287263,0.6272316575050354,-98.27494993370597
176,0.2363349111451726,0.3851315959381609,0.3549467085633765,0.3851315958500349,0.6205897331237793,-96.18356559859883
177,0.2352549961768116,0.44163239735837334,0.3782249855030828,0.4416323973237524,0.6645542979240417,-110.44089843122505
178,0.23472191987976815,0.45168434190589923,0.3713200380739459,0.45168434189016243,0.6720746755599976,-112.97739199521602
179,0.23524810147099143,0.49739686847036024,0.37941552137595846,0.49739686831928714,0.7052636742591858,-124.51242666589097
180,0.23630028074577433,0.3848234957454071,0.3512477910761622,0.38482349574855446,0.620341420173645,-96.10582005202254
181,0.2350839929056849,0.4129112658721049,0.34765103023449284,0.4129112658595155,0.6425817012786865,-103.19344848477218
182,0.23332200036877992,0.34186297186700204,0.3272354891111612,0.34186297179776015,0.584690511226654,-85.26522181882044
183,0.2354801892188322,0.4010020624726227,0.36038951179346473,0.4010020624757701,0.6332471966743469,-100.1882968411715
184,0.23503963452927507,0.4431986639614291,0.38542756602232603,0.44319866394883967,0.66573166847229,-110.83612795002915
185,0.23428355676672752,0.3547493025655794,0.32871674549643826,0.3547493026411159,0.5956083536148071,-88.51694043223735
186,0.23383647411239075,0.4384092064124879,0.3603003794268955,0.43840920639360376,0.662124752998352,-109.62756296207054
187,0.2348613539200491,0.37311903892576925,0.3364061584995369,0.37311903888327996,0.6108347177505493,-93.15233385712386
188,0.23514912800433155,0.4444821004777728,0.35866427868494505,0.44448210063514065,0.6666948795318604,-111.15998855959427
189,0.23564974290747426,0.3997486892474186,0.3428110733702236,0.39974868932295515,0.632256805896759,-99.8720224213923
190,0.2353513297769263,0.45809928735597943,0.3643752853549865,0.4580992874031898,0.6768302917480469,-114.59613032983836
191,0.23495936131452816,0.35349723160202356,0.3258670858526597,0.3534972314446557,0.5945563316345215,-88.2009945462948
192,0.23358165429556463,0.49685014016617063,0.36591899285460994,0.4968501400276869,0.7048759460449219,-124.37446601720914
193,0.23393018184385184,0.40839506272879256,0.3372943419087763,0.40839506269731896,0.6390579342842102,-102.0538361262971
194,0.23424759476197402,0.3764179638929312,0.3364523962944233,0.37641796390866794,0.6135290861129761,-93.98477996142763
195,0.23464429891752342,0.4023160088973761,0.34571085051481065,0.40231600884387103,0.6342838406562805,-100.519856220961
196,0.2323279585671647,0.30626456513566164,0.3178181317781921,0.30626456513566164,0.5534117817878723,-76.2823699148734
197,0.23433280700754536,0.4263110256424668,0.3419492818420673,0.42631102555119343,0.6529249548912048,-106.57472501215612
198,0.2331252310476608,0.28951535969661807,0.2980724696071136,0.28951535969976544,0.5380663275718689,-72.05589895600237
199,0.23461391549480454,0.37536176211863664,0.3270805624951681,0.37536176217528905,0.6126677393913269,-93.71825950050666
200,0.2305509952822385,0.40645363138877866,0.3423426960524038,0.4064536313447157,0.6375371813774109,-101.56393806744148
201,0.23171932257708455,0.3559572111635421,0.3091543811039104,0.3559572111509527,0.5966215133666992,-88.8217423679075
202,0.23458402682312016,0.36165370725229823,0.328050662036279,0.3616537072963612,0.6013765335083008,-90.25918819887754
203,0.23173307242998056,0.3845989164773464,0.32498022126149373,0.3845989164395781,0.6201604008674622,-96.0491500248392
204,0.22834787078406718,0.3344574935214171,0.31325100747065254,0.3344574934490279,0.5783230066299438,-83.39653382061927
205,0.23387333241325375,0.3895028333697688,0.3294968539450586,0.389502833442158,0.6241016387939453,-97.28659754886908
206,0.23473526642997858,0.47607907045965825,0.3564438473675996,0.4760790705383422,0.6899848580360413,-119.13312353577636
207,0.23040737407865505,0.29982676068782155,0.2941044189192473,0.2998267606626427,0.5475643873214722,-74.65786338241479
208,0.23234626567264424,0.29474223146469036,0.2908009592967346,0.2947422315559637,0.5429016947746277,-73.37484045388484
209,0.2320889739991389,0.34138031105972866,0.31157112871911913,0.341380311018813,0.5842775702476501,-85.1434278762353
210,0.23231171473771334,0.3568179590433005,0.3167387368888283,0.35681795906218466,0.5973424315452576,-89.0389422860561
211,0.23150884039151284,0.3556317994004193,0.3150330975436147,0.3556317994004193,0.5963487029075623,-88.7396284241405
212,0.23254526747480891,0.37927345430352755,0.32578826811739403,0.37927345422799097,0.6158518195152283,-94.70533037524554
213,0.23226083905043837,0.4111988937239006,0.3298956459213655,0.4111988938057319,0.6412479281425476,-102.7613509274404
214,0.23092367949105663,0.484071695998242,0.3439186997455936,0.48407169590382126,0.6957526206970215,-121.14997138695479
215,0.23215220887139776,0.351704688333207,0.31204566204355266,0.35170468828284934,0.5930469632148743,-87.74866672424416
216,0.23186954866592627,0.30801912391638353,0.30387077202249546,0.3080191238880573,0.5549947023391724,-76.72511280443999
217,0.22977257599961762,0.30707851942868214,0.3059062302609862,0.307078519453861,0.5541466474533081,-76.48776200352403
218,0.23096178765069258,0.43122802250408293,0.33698414637025476,0.4312280225481459,0.6566795110702515,-107.8154731235822
219,0.2317328304382076,0.3343979005535325,0.29805338958057787,0.33439790058815344,0.5782715082168579,-83.38149624186332
220,0.23093236393347222,0.44387699152557486,0.3519843757775734,0.4438769914059753,0.666240930557251,-111.00729614718102
221,0.23077452993101397,0.2951419360761403,0.2963935846209287,0.2951419361107612,0.543269693851471,-73.47570133946212
222,0.23217987646021196,0.34778183979280386,0.30425511855285464,0.3477818397141199,0.5897303223609924,-86.75878062993125
223,0.2317751070371525,0.37937642803921395,0.317710953367362,0.37937642813048733,0.6159354448318481,-94.73131466507277
224,0.23059032746878846,0.4018849978961695,0.32890084259033403,0.40188499795596927,0.633944034576416,-100.41109553928892
225,0.23132909764303003,0.41683912886313923,0.3232763718370274,0.41683912884740243,0.6456307768821716,-104.18459991056757
226,0.22997170221776975,0.2983952088169191,0.2918684026711291,0.2983952087996086,0.5462556481361389,-74.29662759732709
227,0.23042027276697225,0.3494965887361659,0.3000960036559875,0.349496588701545,0.5911823511123657,-87.19147797935736
228,0.2311241113908897,0.38629202764335346,0.31773542815244793,0.38629202762446935,0.6215239763259888,-96.47638732158559
229,0.23157247931836208,0.310891688827609,0.29186910328536214,0.3108916887583671,0.557576596736908,-77.44997178645582
230,0.22959882813292226,0.32205145108265776,0.3047567689440195,0.3220514510684947,0.5674957633018494,-80.26601052287089
231,0.23040213132643989,0.28905117775497774,0.2784011305442316,0.2890511777297989,0.5376347899436951,-71.93876793010364
232,0.23038862258520604,0.45352753480721875,0.3369233559965395,0.45352753480721875,0.6734445095062256,-113.44250070531875
233,0.22873041880126488,0.3535452415417789,0.31134379553384445,0.353545241507158,0.5945966839790344,-88.213109337989
234,0.23200575558326014,0.4000171950294087,0.3188350006901786,0.4000171951143873,0.632469117641449,-99.93977679542036
235,0.22935928164034494,0.39097067595082136,0.32279375790668424,0.3909706759099057,0.625276505947113,-97.65699085414417
236,0.22863698106642918,0.3260286505822805,0.2928344121527201,0.32602865058857516,0.570989191532135,-81.26961145985806
237,0.2295319111247556,0.3111694310419517,0.28981509485898393,0.3111694310057571,0.5578256249427795,-77.52005687479856
238,0.23056120814788203,0.4206659844819303,0.33516244319767113,0.420665984522846,0.648587703704834,-105.15026329310565
239,0.22776090803547036,0.26123209308948153,0.2657336819661634,0.26123209313354456,0.5111086964607239,-64.91893922250058
240,0.23031774799974927,0.3497901912123572,0.3011923798387765,0.34979019120291516,0.5914306044578552,-87.26556522189804
241,0.22700552252255554,0.3636857300382259,0.3022956857145972,0.3636857299500999,0.6030635833740234,-90.77194593933659
242,0.22755741468972135,0.282250263651878,0.2970586003528526,0.28225026363928857,0.531272292137146,-70.22263482711381
243,0.22955899795536094,0.47822175695209646,0.3543608332274519,0.4782217569646859,0.6915357708930969,-119.67380601707785
244,0.2294619622444471,0.428537832144819,0.32228499858051285,0.4285378321511137,0.6546280384063721,-107.13663425982794
245,0.22918155289134723,0.3045938282112113,0.2861695026366886,0.3045938281939008,0.5519002079963684,-75.86077850319177
246,0.22794218637265348,0.40789646788434647,0.32062819008087456,0.4078964679756198,0.6386677026748657,-101.9280214349929
247,0.2295812994058462,0.4301229350301101,0.32000870050756014,0.43012293497031034,0.6558375954627991,-107.53661687737954
248,0.22973272573421522,0.30866632815177003,0.28318305533744803,0.30866632811085437,0.5555774569511414,-76.88842740838223
249,0.2288627784763683,0.36851402335061684,0.2935066782996375,0.3685140233820904,0.6070535778999329,-91.99031071785205
250,0.226613184829342,0.5170611045003167,0.3631762193958691,0.5170611045317903,0.7190696001052856,-129.47447239388748
251,0.23150470587842323,0.338662565447298,0.2988828527145595,0.33866256542054546,0.5819472074508667,-84.45763577172985
252,0.227381115741389,0.4130633126797558,0.32826707051918014,0.4130633126514296,0.6427000164985657,-103.23181575854369
253,0.22969648558160055,0.43310886828453277,0.31548885590852105,0.43310886821529093,0.6581100821495056,-108.29008307572178
254,0.22846594719360983,0.4210556677066294,0.3164114793460615,0.42105566767200847,0.6488880515098572,-105.24859539126996
255,0.22803683379409917,0.37994050503733895,0.3009872631659565,0.3799405049901286,0.6163931488990784,-94.87365302703087
256,0.22816092349198552,0.30033403423443955,0.27610699616058637,0.30033403431627087,0.5480273962020874,-74.78586810320381
257,0.2290340162410579,0.3419953427216624,0.29019909002471467,0.3419953427216624,0.5848036408424377,-85.29862411171206
258,0.22783573996754986,0.35170142977095314,0.27985394391279333,0.3517014296859745,0.5930442214012146,-87.74784445448869
259,0.22844829120491272,0.27676443214123925,0.2585220683878686,0.2767644321286498,0.5260840058326721,-68.83834781399474
260,0.22918865642226974,0.38631983186897373,0.3098690421921938,0.3863198318280581,0.6215463280677795,-96.48340339524067
261,0.22785698615603261,0.40029503052786886,0.30117065652973585,0.40029503049010057,0.6326887011528015,-100.0098853836333
262,0.22506021344570812,0.2868253671326045,0.2702358368520992,0.2868253671577833,0.5355607867240906,-71.37711001871337
263,0.22852286544282094,0.2566881105350975,0.25666321614360416,0.25668811054611324,0.5066440105438232,-63.77231704290543
264,0.22681265307118764,0.4905315470888743,0.33121563017538275,0.4905315470479587,0.7003795504570007,-122.78004114541707
265,0.22863566641932104,0.3608773339778572,0.29133446330643464,0.36087733393064686,0.6007306575775146,-90.06327923495736
266,0.22679318298233814,0.27140849021383706,0.2592729547356386,0.2714084902028213,0.5209687948226929,-67.48683695614834
267,0.2268963099720976,0.3041666323870455,0.26810077526134024,0.3041666324436979,0.5515130758285522,-75.75298052800447
268,0.22764213331137112,0.391848204433383,0.291988610000139,0.39184820447744595,0.6259778141975403,-97.87842517952058
269,0.22559912038541072,0.2543901311545818,0.26290715668593984,0.254390131173466,0.5043709874153137,-63.19244815779622
270,0.22817754001443266,0.33722919168233817,0.2821107435873537,0.337229191619391,0.5807144045829773,-84.09594024133757
271,0.22665039367259765,0.32888569560089614,0.2790421366704179,0.3288856955599805,0.5734855532646179,-81.99055417239737
272,0.2261126331150371,0.3710388068756139,0.2955131234910171,0.37103880694485575,0.6091295480728149,-92.6274110535249
273,0.22651955653696942,0.3755342889644425,0.2874811936084491,0.37553428894555835,0.6128085255622864,-93.76179466323194
274,0.22724465855730563,0.33729924756452506,0.2864072754159247,0.3372992475629514,0.58077472448349,-84.11361805967273
275,0.22730045286043932,0.37195705857738887,0.29830119444659475,0.3719570585018523,0.6098828315734863,-92.85912136082499
276,0.22582903687948172,0.38815758359294994,0.2969841922597254,0.38815758366219183,0.6230229139328003,-96.9471391101261
277,0.22787171212333343,0.3944098394056661,0.305095300029608,0.39440983938992935,0.6280205845832825,-98.5248245329871
278,0.22699271980786598,0.35233420256101566,0.2956567383930441,0.35233420251065795,0.5935774445533752,-87.9075174597141
279,0.22733171286746737,0.3961571293855191,0.29125721363472906,0.3961571293162773,0.6294101476669312,-98.96573321720507
280,0.2252993992257277,0.32385075672452235,0.31192857451947015,0.323850756770159,0.5690788626670837,-80.7200447947246
281,0.22528998224693325,0.248726189807679,0.25481024696401666,0.2487261897777791,0.4987245798110962,-61.76321714661559
282,0.22749676936279495,0.40468062743920685,0.3012568752243698,0.40468062745494365,0.6361451148986816,-101.11654075783377
283,0.22678351972450064,0.3183601068899119,0.2666859367050129,0.318360106860012,0.5642340779304504,-79.33454191344583
284,0.2248104086816078,0.45998526607088414,0.31695204334307375,0.4599852660771789,0.678222119808197,-115.0720355377106
285,0.22565391129107037,0.36212612643868614,0.2942012740246584,0.36212612640091785,0.6017691493034363,-90.37839777174155
286,0.22701804151847704,0.4040927713102896,0.307236668388523,0.4040927713071423,0.6356828808784485,-100.96820196372288
287,0.22608055932890359,0.36434438007953857,0.2771730264409793,0.3643443801267489,0.6036094427108765,-90.93814879918666
288,0.22749317643488526,0.4050364053830479,0.28827007228349455,0.40503640539249,0.636424720287323,-101.20631726255226
289,0.22359512814859459,0.500181262280561,0.31387614377990974,0.5001812622648243,0.7072349190711975,-125.21503672067291
290,0.2264948477498712,0.3152942087341756,0.2678897872508951,0.31529420878768066,0.5615106225013733,-78.56089750295958
291,0.22711112377440845,0.3960211088851193,0.2882535561851544,0.3960211089102982,0.6293020844459534,-98.93141001913548
292,0.22699159016574078,0.35161650539615336,0.270369804500967,0.35161650541346384,0.5929725766181946,-87.72641478292347
293,0.22476554262512197,0.3048045248432898,0.26088013397450055,0.30480452483227405,0.5520910620689392,-75.91394539678707
294,0.2243258184503228,0.42765104552076466,0.29097191512439907,0.42765104561518535,0.6539503335952759,-106.91286379172045
295,0.22694332377489046,0.32138561909788765,0.2562559293534842,0.32138561909946134,0.5669088363647461,-80.09799541962448
296,0.22625614833803695,0.2861323962187752,0.26705549442852444,0.28613239620146474,0.5349134206771851,-71.20224670155895
297,0.22044388902266823,0.43388906401398236,0.29767121535594393,0.43388906403601385,0.658702552318573,-108.48695659256641
298,0.2224225858097506,0.3642046757314654,0.2806313604522449,0.3642046756401921,0.6034937500953674,-90.90289596540202
299,0.22607673708900233,0.2836062949493469,0.2558527911574275,0.2836062949682311,0.5325469970703125,-70.56481386677211
300,0.22522113428515425,0.3026931792838582,0.2560093052341412,0.3026931792272058,0.5501756072044373,-75.38117141427705
301,0.225022835383232,0.4122657515637735,0.28479854785057773,0.41226575147879485,0.64207923412323,-103.03056029320445
302,0.22556804615342158,0.4156935450400929,0.28754245364964354,0.4156935450589771,0.644743025302887,-103.89552490750165
303,0.22306390703756765,0.42063625069186195,0.29066869444348065,0.4206362507359249,0.6485647559165955,-105.14276031110451
304,0.22723059765445094,0.4304215031566722,0.3024874536725986,0.4304215031802774,0.6560651659965515,-107.6119571598483
305,0.2248878724556007,0.30795205729792346,0.2466453750460336,0.30795205730107084,0.5549342632293701,-76.70818931614117
306,0.2251544396348626,0.38066643484708673,0.2720766435619745,0.3806664349415075,0.6169816851615906,-95.05683317067529
307,0.22560152568451433,0.38340325518059293,0.267977083644591,0.3834032551632825,0.6191956400871277,-95.74743853886744
308,0.22576558164035035,0.2938670651519616,0.25611562956246897,0.2938670651708457,0.5420950651168823,-73.15400219830084
309,0.2243389301055886,0.29872368609424327,0.2499400243070262,0.29872368608165384,0.5465562343597412,-74.37951509300719
310,0.22564856025721083,0.41076483352493176,0.27734161970519455,0.41076483358473154,0.6409093737602234,-102.65182078134
311,0.2261041297676743,0.38092451015168055,0.2762576991054649,0.3809245101327964,0.6171908378601074,-95.12195550172332
312,0.22564263495139034,0.3882672512333941,0.27422138364026233,0.38826725126801503,0.6231109499931335,-96.97481247964292
313,0.2245241956062983,0.4135567683757826,0.28947538083930846,0.4135567683364406,0.6430837512016296,-103.35633367255286
314,0.22413564419198187,0.42684991678850714,0.283549699571571,0.42684991670982325,0.6533375382423401,-106.71070804971919
315,0.222587790664005,0.308385344979865,0.24512998768087046,0.3083853449420967,0.5553245544433594,-76.81752451049665
316,0.22585095931750213,0.445705774223082,0.28640099881833175,0.44570577414125073,0.6676120162010193,-111.4687686122665
317,0.22403707018653216,0.23247064999651412,0.2595854772787711,0.23247064999494044,0.4821521043777466,-57.66131708479549
318,0.22591285830195415,0.2999532165271165,0.2439617780247212,0.2999532165696058,0.5476798415184021,-74.68977308824547
319,0.22472837210161384,0.3373908534652329,0.2675445637766896,0.337390853435333,0.5808535814285278,-84.13673375675847
320,0.22510335163280695,0.2735546848214734,0.2403270405705293,0.27355468480416295,0.5230245590209961,-68.0284046853981
321,0.2211154128541778,0.48917047902141586,0.29283042200604464,0.48917047905288946,0.6994072198867798,-122.43659116050732
322,0.22436005336150974,0.33679593328891305,0.2756484186577563,0.33679593327396307,0.5803412199020386,-83.98661243939209
323,0.22509722639678792,0.2806410425604883,0.23330718874679546,0.28064104252901473,0.5297556519508362,-69.81656623388977
324,0.2252493939460551,0.41143129605897577,0.2748073276829878,0.41143129598973394,0.64142906665802,-102.81999496791278
325,0.22411834603521844,0.26961002630237774,0.24403683298152054,0.26961002629136194,0.5192398428916931,-67.03301510045182
326,0.22496533359628706,0.3582060370058819,0.26411863817485287,0.3582060370877132,0.5985031723976135,-89.38920794408965
327,0.22344003791661526,0.3260841189024716,0.25131556471344135,0.32608411894023986,0.5710377097129822,-81.28360826575697
328,0.22477838299926783,0.33515273681442964,0.2525027057873761,0.33515273686164,0.578923761844635,-83.57197056620087
329,0.2244453639236849,0.3988310091804537,0.2825900195002216,0.3988310091662906,0.6315307021141052,-99.64045630044888
330,0.22486498935511548,0.28449696250089135,0.2548124734798169,0.2844969625103334,0.5333825349807739,-70.78956366252284
331,0.22319753380660043,0.36049609875692235,0.27243437423589223,0.3604960987695118,0.6004132628440857,-89.96707889021835
332,0.22152495314951762,0.4107028806769164,0.2825632971120442,0.41070288068950583,0.6408610343933105,-102.63618767483287
333,0.22378534136037193,0.43528269292260124,0.2854485504100234,0.43528269282818055,0.6597595810890198,-108.83862292325189
334,0.2254972736693327,0.3972096853260152,0.26676047064205805,0.3972096853984044,0.6302457451820374,-99.23133373961309
335,0.2219160938392326,0.2573121951688689,0.22805203795621887,0.2573121952349634,0.5072594881057739,-63.929797696145755
336,0.21964619912882818,0.17531857563188416,0.20257770296310923,0.1753185755862475,0.4187106192111969,-43.23964295511447
337,0.22593784493405775,0.42182930346237263,0.27414431735874795,0.4218293035316145,0.649483859539032,-105.44381357674631
338,0.2236864014820725,0.39008645515370405,0.2628996515931216,0.39008645524183,0.6245689988136292,-97.43386785352433
339,0.2224496013606643,0.2703704443690483,0.2424454776396506,0.27037044433442736,0.5199716091156006,-67.22489792067978
340,0.2222164923556744,0.447325918185354,0.2815886009097011,0.4473259182010908,0.6688242554664612,-111.87759348723199
341,0.22532532898156493,0.3306587436472493,0.24578008321953343,0.3306587436409546,0.5750293135643005,-82.43796263315089
342,0.22294694390661557,0.2421833137229031,0.21596170615490215,0.242183313752803,0.49212124943733215,-60.11219700641302
343,0.2228544445032651,0.4118790108359794,0.27924269531581153,0.41187901083125833,0.6417779922485352,-102.93297070176479
344,0.22207274848952635,0.4081609465793792,0.2765204821925617,0.40816094653216883,0.6388747692108154,-101.99475958223078
345,0.22401999054129942,0.36355418411205187,0.25773252538761504,0.3635541840711362,0.6029545068740845,-90.73875183712518
346,0.2237921116589712,0.29913129833999896,0.2381625736460966,0.29913129841238817,0.5469290018081665,-74.48237141565006
347,0.2236184445237047,0.3151570647189346,0.2386110336239958,0.31515706467644533,0.5613884925842285,-78.52629075068498
348,0.22269013678950897,0.2919516286480578,0.24115031921746474,0.2919516286590736,0.5403255224227905,-72.6706636410451
349,0.22430929940451816,0.38032702449974737,0.2612644740150098,0.3803270244942395,0.6167066097259521,-94.97118681544933
350,0.2215081720334205,0.20036622829072762,0.20356656709635368,0.20036622832692222,0.4476228654384613,-49.560132443497395
351,0.22482907330269372,0.39804037263232744,0.26464409957353563,0.39804037262799985,0.6309044361114502,-99.44094818760749
352,0.22419687709264655,0.37447977988589354,0.26642659889101944,0.37447977995198806,0.6119475364685059,-93.49570134589514
353,0.2248697193384826,0.4002461366648812,0.2637663088059876,0.4002461366113761,0.6326500773429871,-99.99754757099578
354,0.2222312765437544,0.281608299310311,0.23414670126543136,0.2816082993669634,0.530667781829834,-70.06064246490897
355,0.22389151576062988,0.35180975777323853,0.2525696559508281,0.3518097578047121,0.5931355357170105,-87.77517981971695
356,0.2229706549634147,0.4492693908799002,0.282731972925136,0.449269390861016,0.6702756285667419,-112.3680066467082
357,0.2229858549473667,0.4054047661609314,0.2786149259026016,0.405404766148342,0.6367140412330627,-101.29926889795698
358,0.22200495477243942,0.2870931445127901,0.23493126397626882,0.28709314454426366,0.5358107089996338,-71.44468058805967
359,0.2240100442799936,0.3883010030921113,0.2603248087792553,0.3883010030511957,0.6231380105018616,-96.98332935717296
360,0.2223300473498591,0.29028946659791804,0.23298489226624158,0.29028946661837585,0.5387851595878601,-72.2512360078458
361,0.22200595661061603,0.2610599209397875,0.2150047229309245,0.26105992090988767,0.5109402537345886,-64.87549352556915
362,0.2227342390534343,0.3510207523552376,0.25892626905607463,0.35102075234579555,0.5924700498580933,-87.5760832911524
363,0.22605513570066893,0.38524942267536627,0.26324677711581085,0.3852494226517611,0.6206846237182617,-96.21329784814216
364,0.2222662379481298,0.22413779587483618,0.21529708663114766,0.2241377958811309,0.47343191504478455,-55.558616389451096
365,0.22262471179469367,0.26213488862003426,0.2207038091850301,0.2621348886499342,0.5119910836219788,-65.14674937423722
366,0.2197450286362071,0.25082892079009766,0.23820773617797522,0.25082892084675007,0.5008282661437988,-62.29381734919447
367,0.224219329004062,0.44167250290183846,0.277150694536979,0.4416725029128542,0.6645844578742981,-110.45101861921103
368,0.22029825435860986,0.5004867965393677,0.2881164839079141,0.5004867964953047,0.7074509263038635,-125.29213479896737
369,0.22198277285754844,0.27153570642682046,0.23059582670609416,0.27153570638905217,0.5210908651351929,-67.51893850978088
370,0.21160435830479943,0.5221424533865857,0.30431567113746216,0.5221424533141965,0.7225942611694336,-130.75669280386035
371,0.22446573323691008,0.35898211625561927,0.2627928491907244,0.3589821162304404,0.5991511344909668,-89.58504266419479
372,0.21902013962801456,0.2355811467988493,0.22771701384451815,0.23558114678389935,0.4853670001029968,-58.44621547275254
373,0.22311678761789158,0.258320815396154,0.22154580691331846,0.25832081534894363,0.5082526803016663,-64.18431147810311
374,0.2217883710970011,0.37800490102282785,0.2545834987370514,0.3780049009834859,0.6148210167884827,-94.38522543246467
375,0.22335206419075368,0.29066556340032534,0.24097416369813537,0.2906655634144884,0.5391340851783752,-72.34613974477696
376,0.22340092457563293,0.4271616163708416,0.2606488360574573,0.42716161630159977,0.6535760164260864,-106.78936188661775
377,0.22272953430412332,0.4116398880394129,0.2781058175534353,0.41163988794813955,0.6415916681289673,-102.87263076952316
378,0.22308656796170215,0.277992442235892,0.22706722412508207,0.27799244224533404,0.5272498726844788,-69.1482221608842
379,0.22478960757942876,0.3239859552259858,0.23887832678538942,0.3239859552401489,0.5691976547241211,-80.75416058662188
380,0.2217222183459714,0.34350751113189426,0.24727648692393406,0.34350751116966255,0.5860950946807861,-85.68020257254439
381,0.221665438351845,0.3068912350111976,0.23232768094707082,0.30689123501434495,0.5539776086807251,-76.44050291128276
382,0.22325533398729774,0.3716357777723117,0.25769360902783034,0.3716357777565749,0.6096193790435791,-92.77804982911823
383,0.22145435195909158,0.3370998685434468,0.2398485940696068,0.3370998684930891,0.5806030035018921,-84.06330702540876
384,0.22381393490643248,0.3058400907719854,0.22582529272936455,0.305840090764117,0.5530281066894531,-76.17525864855186
385,0.22353315196720863,0.2970535098836188,0.22921203939372603,0.297053509896995,0.5450261831283569,-73.95806518198455
386,0.22265281716095894,0.3036655696154279,0.22675487502964034,0.30366556960598584,0.5510585904121399,-75.62654303577447
387,0.2242783089724257,0.32138312216157683,0.2564994694124319,0.3213831221505611,0.5669066309928894,-80.09736534304842
388,0.22234895664332607,0.46145173842601783,0.2769748895734073,0.46145173840398634,0.6793023943901062,-115.44208310354657
389,0.22142893620727722,0.2818842084228769,0.24570626223750774,0.28188420843940054,0.5309277176856995,-70.1302649724606
390,0.22434322433911227,0.40205322130542803,0.2609763685281431,0.40205322130228066,0.6340766549110413,-100.45354478206109
391,0.22089124695354473,0.28497523580074796,0.21955871872847027,0.2849752357582586,0.5338307023048401,-70.91025046169653
392,0.21975132299240355,0.4730907910445811,0.2771932256739197,0.4730907911043809,0.6878159642219543,-118.37906530340426
393,0.22284045827704418,0.41880477705752256,0.26718024231713,0.41880477706381725,0.6471512913703918,-104.68060881880085
394,0.2210210470336539,0.23698220067094056,0.23320797577064434,0.23698220066838332,0.4868081510066986,-58.79975544079748
395,0.22366778389323067,0.3291499979264089,0.2342328917566002,0.3291499978902143,0.5737159252166748,-82.05724785093456
396,0.2229112587317392,0.37698553978046606,0.25089220448499094,0.37698553973640303,0.6139914989471436,-94.12800124807676
397,0.22223647776409636,0.4673729564452933,0.27772128057651074,0.4673729564673248,0.6836467981338501,-116.93623494744288
398,0.2213219482014031,0.4121184686167554,0.26271832459188715,0.4121184686293448,0.6419645547866821,-102.99339514597864
399,0.2239169737413777,0.3926208972655908,0.2641676849479949,0.3926208972152331,0.6265946626663208,-98.07340537896269
400,0.22201192911215467,0.41496442362624036,0.25696598510956714,0.41496442361679825,0.6441773176193237,-103.71153942755438
401,0.21947379910431777,0.388477116412663,0.2566188403754114,0.3884771163796158,0.623279333114624,-97.02776954694117
402,0.22262371025373454,0.31274761395501965,0.23595150254925676,0.31274761395344597,0.5592384338378906,-77.91829334169967
403,0.22190228708352883,0.31332173147612047,0.2348928176081411,0.3133217314871362,0.5597515106201172,-78.06316535323523
404,0.22009829979027992,0.25441105570462186,0.20990929504497866,0.2544110556818035,0.5043917894363403,-63.19772821882094
405,0.2218089921228253,0.33760216329351017,0.2542359266453351,0.3376021633116075,0.5810354351997375,-84.19005539394388
406,0.2220312582302326,0.3575268711875436,0.24666316719930897,0.35752687120170673,0.5979354977607727,-89.21782817897493
407,0.22013128133187498,0.3692219144569202,0.2670156088559224,0.36922191446321495,0.6076363325119019,-92.16893895832993
408,0.22236247409401658,0.35123356480659124,0.24130813780751473,0.3512335648333438,0.5926496386528015,-87.62978409515472
409,0.22188541872155065,0.4008070210427477,0.2616658425592976,0.4008070210695002,0.6330932378768921,-100.13908036684191
410,0.22167016705070494,0.2690479372614903,0.2192197105885559,0.2690479372819481,0.5186983346939087,-66.8911783498262
411,0.2236597294297512,0.34223089247078364,0.2413526151566511,0.34223089246763627,0.5850050449371338,-85.35806240354856
412,0.21946403783309806,0.4100173934453217,0.26189619030188527,0.410017393439027,0.6403260231018066,-102.46321278549178
413,0.21638778952908333,0.4980318433407343,0.28835103442946136,0.49803184335017636,0.7057137489318848,-124.67265537273518
414,0.222121337724027,0.37853198153448636,0.25136166712791846,0.3785319815077339,0.615249514579773,-94.51822819114756
415,0.22148859146379746,0.2303398649200084,0.20797585876404212,0.2303398649396794,0.479937344789505,-57.123637778745746
416,0.2237334017541866,0.3045017884787314,0.23671546202612875,0.30450178847558407,0.5518168210983276,-75.83755333003252
417,0.21948047726699335,0.21997796701225464,0.21775032185062912,0.21997796705159658,0.4690181016921997,-54.50893102919982
418,0.22257175335603463,0.39777701710745117,0.251609234393669,0.3977770170854197,0.630695641040802,-99.37449342013612
419,0.22124408801279566,0.44009698338504977,0.2643231614198261,0.44009698342911274,0.663398027420044,-110.05345424705892
420,0.22203665195269537,0.32669173372269356,0.23548118771853574,0.32669173374000404,0.571569561958313,-81.43693293033358
421,0.2225917545999298,0.3564240748223737,0.24124026696978332,0.35642407483496313,0.5970126390457153,-88.93955009375894
422,0.220556427646757,0.30946132004894816,0.2467274591554897,0.3094613200560297,0.5562924742698669,-77.08903455847539
423,0.22223156898104843,0.3762887753583859,0.2412062423737075,0.37628877536861477,0.6134238243103027,-93.95218070680367
424,0.22093842194224178,0.36574793327825983,0.2546186401443933,0.36574793326724403,0.6047709584236145,-91.29231942598079
425,0.22179681438688603,0.415004759313662,0.2559437849275136,0.41500475933411984,0.6442086100578308,-103.72171768577189
426,0.21942591987059634,0.22712803214592908,0.20662120104541068,0.22712803215537114,0.4765795171260834,-56.31316840814886
427,0.2212839559385383,0.332712346969503,0.2729926635363195,0.33271234697973195,0.576812207698822,-82.95616601334119
428,0.22042815302282867,0.39712163329926337,0.24794530343551144,0.3971216333118528,0.6301758885383606,-99.2091147998489
429,0.22085646610255674,0.40984793701262734,0.2467224477985137,0.4098479370204957,0.6401937007904053,-102.42045239100872
430,0.22252912490525883,0.4187246393387271,0.2539951751918019,0.4187246392663379,0.6470893621444702,-104.6603869596177
431,0.22137173190377657,0.2680857220424831,0.22487807244279592,0.2680857220342213,0.5177699327468872,-66.64837430659772
432,0.218620337985246,0.28417596129578776,0.22318817008975592,0.28417596129106676,0.533081591129303,-70.70856266601676
433,0.22186679467566175,0.35984248437472977,0.2440848754204897,0.3598424843652877,0.5998687148094177,-89.80214675010426
434,0.22313619244035787,0.299098069873553,0.2331008279426811,0.29909806987748716,0.546898603439331,-74.47398657385548
435,0.22177132631737048,0.32434141123131327,0.24006919199139531,0.324341411193545,0.5695098042488098,-80.84385584231245
436,0.2234341977992998,0.4159685387217592,0.2703046441984625,0.4159685387217592,0.6449562311172485,-103.96491642186754
437,0.2193456794564316,0.35563856885647105,0.23774182685061837,0.3556385688556842,0.5963543653488159,-88.74133661896767
438,0.2197315337758346,0.2073205498187132,0.20333850745075116,0.20732054981517242,0.455324649810791,-51.314976153620506
439,0.22055590183824508,0.3787710801280751,0.25776447629409904,0.378771080143025,0.615443766117096,-94.57856200472645
440,0.22098073464665596,0.3287184496892819,0.2393006053805817,0.32871844967511876,0.5733397603034973,-81.94835158087359
441,0.21961585802791772,0.24885595170471198,0.2536187240044838,0.24885595170176134,0.4988546371459961,-61.79596108813432
442,0.2215149392264297,0.4258507023846176,0.25956119054196464,0.42585070236966766,0.6525723338127136,-106.45856770750905
443,0.2206242468636336,0.2781924068621291,0.21466627043169018,0.27819240685150676,0.5274394750595093,-69.1986809485578
444,0.2229262449139655,0.33113335686905865,0.2355316868489566,0.33113335687535334,0.5754418969154358,-82.55772586965543
445,0.22129700435404465,0.29972245204359316,0.22657251783554877,0.2997224520349379,0.5474691390991211,-74.63154228990439
446,0.22130224235055346,0.39702606414814706,0.2510857251242129,0.3970260641371313,0.6301000714302063,-99.18499900862109
447,0.21970517147145696,0.4733457088923678,0.276870405514095,0.47334570892069405,0.6880012154579163,-118.44339090688855
448,0.22290620021385818,0.4459852764677728,0.2585844348383146,0.4459852765023937,0.6678212881088257,-111.53929784523986
449,0.2200467194110444,0.41909451088622685,0.26013299089787895,0.4190945108972426,0.6473751068115234,-104.7537198471097
450,0.22201934459035183,0.32763139487936904,0.22804305490866825,0.327631394874648,0.5723909735679626,-81.67404570036629
451,0.21962912589914965,0.4247154829133928,0.2616731407385792,0.42471548293699796,0.6517019867897034,-106.17210803140753
452,0.21993276681944254,0.2801126357130978,0.22086227102558645,0.28011263572883455,0.5292566418647766,-69.68322880460224
453,0.2199321603405775,0.3951853074445476,0.2543664236596978,0.3951853074461213,0.6286376714706421,-98.7205050523748
454,0.22061386812694705,0.36638301862154915,0.23857901963503764,0.3663830186128939,0.6052958369255066,-91.45257596949665
455,0.222823548780248,0.3293559318385748,0.23647629649425864,0.32935593183306694,0.5738953948020935,-82.10921293263613
456,0.22116657318454278,0.43572828414233156,0.25861883078473513,0.43572828412659476,0.6600971817970276,-108.95106280522009
457,0.22133809613654204,0.4032788879434484,0.2484260150529928,0.40327888794502204,0.6350424289703369,-100.76282778002954
458,0.2201795954785059,0.29747116216819836,0.22300040023809553,0.29747116216977204,0.5454092025756836,-74.06345496949143
459,0.22119925170059643,0.32783580812200597,0.22448351376222095,0.32783580814561114,0.5725694894790649,-81.72562705786055
460,0.21937090546024604,0.3412877044858141,0.257452041115299,0.341287704476372,0.5841983556747437,-85.12005967147321
461,0.22157110802454485,0.40950619110916064,0.25875768529687715,0.4095061910997186,0.6399267315864563,-102.33421670567994
462,0.22174069504378568,0.41746710439517815,0.2644699928072894,0.4174671044022597,0.6461169719696045,-104.34306237946755
463,0.21983682841155786,0.3318210020030899,0.2316028582960389,0.33182100200781095,0.5760390758514404,-82.73124527590214
464,0.22123849996720482,0.35642288311714404,0.24331750505538838,0.3564228831206848,0.5970116257667542,-88.9392493782529
465,0.2191564281881449,0.461627881994243,0.2729413435720745,0.46162788195962207,0.6794320344924927,-115.48653092080787
466,0.22060003552489119,0.35403168037186467,0.2331076434905205,0.35403168037107785,0.5950056314468384,-88.3358566372261
467,0.21908647630818906,0.4508402347423558,0.26313027810025635,0.45084023471402956,0.6714463829994202,-112.76439117677397
468,0.21981229247613326,0.24906731015109632,0.22609855948915603,0.2490673101609318,0.49906644225120544,-61.849294984659416
469,0.21897225459384148,0.22985054909086688,0.21376553956804387,0.22985054909008004,0.479427307844162,-57.00016450498586
470,0.22200230201239834,0.3554802627238972,0.24204959535387252,0.3554802627404208,0.5962216854095459,-88.7013898763396
471,0.22094612702009647,0.3474823729439898,0.24246458095033263,0.34748237296051343,0.5894763469696045,-86.6832136102234
472,0.220038497453954,0.3911103101128358,0.24734682800248856,0.39111031011204894,0.6253880858421326,-97.69222595245868
473,0.2195347805073594,0.4078976210847259,0.2472808004693983,0.4078976210949548,0.6386686563491821,-101.92831241150519
474,0.22250155996085277,0.25557129996410627,0.21665617825803918,0.25557129996489314,0.5055406093597412,-63.490502630505276
475,0.22199446419119484,0.35423581336295135,0.24194437778415293,0.35423581337868815,0.5951771140098572,-88.38736727345979
476,0.22143327180576913,0.3427590998775816,0.24907628587740302,0.3427590998724671,0.5854563117027283,-85.49134951769389
477,0.21849140831511685,0.37727739653139064,0.24708381085590195,0.37727739651014597,0.6142290830612183,-94.20164797616158
478,0.21889091367732483,0.26430070347372275,0.21096529140053435,0.2643007034642807,0.5141018033027649,-65.69326804046065
479,0.22166017851668332,0.2968301103779699,0.23178363089979934,0.2968301103807239,0.5448212027549744,-73.90169286203422
480,0.22049401959512172,0.2748450182426191,0.21173753739284581,0.27484501825206115,0.5242565870285034,-68.35400561409135
481,0.22061989637776103,0.28877983662838896,0.22279980794745674,0.28877983665042045,0.5373823642730713,-71.87029810350016
482,0.2190944915826769,0.4010996792394338,0.25172092396778145,0.4010996792174023,0.6333243250846863,-100.21292931255573
483,0.21807474647689376,0.4506754337591927,0.26693194583396695,0.45067543380955044,0.6713236570358276,-112.72280554816355
484,0.21773976088014194,0.2601918839559483,0.2430272451838466,0.26019188395280096,0.5100901126861572,-64.65645429983424
485,0.2190475126797892,0.20555075683330234,0.20384369799524013,0.2055507568305484,0.4533770680427551,-50.86838907930495
486,0.22123088627321766,0.28157118639440265,0.219244761519352,0.2815711863991237,0.5306327939033508,-70.05127743076615
487,0.21870307558819269,0.4860817305960813,0.26800245840379006,0.4860817305551656,0.6971955895423889,-121.65718070579355
488,0.22037072834841914,0.29975416647607284,0.22251268724338194,0.29975416646584396,0.5474981069564819,-74.63954506482493
489,0.21894508228291232,0.2773403625665135,0.21766100300945895,0.277340362568874,0.5266311764717102,-68.98367729181706
490,0.2210374288453107,0.4477127350249052,0.2547399454005279,0.4477127349902843,0.6691133975982666,-111.97520229215036
491,0.22189805671871077,0.37482856657602504,0.24899419916823015,0.3748285666232354,0.6122324466705322,-93.58371368430188
492,0.2220658705567836,0.31160437093966226,0.22625236002176966,0.31160437091920445,0.5582153797149658,-77.62980900125461
493,0.22069962411391553,0.3116750313312753,0.2260823601250765,0.31167503135015945,0.5582786202430725,-77.64763935508934
494,0.2191375957044458,0.33962464385820074,0.2414418127081288,0.33962464384836527,0.5827732682228088,-84.70040529001531
495,0.21854493686948567,0.2577482539524455,0.21894809434048565,0.2577482539504784,0.5076891183853149,-64.03983213954311
496,0.22106024235115435,0.4003393288909006,0.24571400467880375,0.4003393288720165,0.6327237486839294,-100.02106357506509
497,0.21923012609850917,0.3091797442151351,0.22193999689677057,0.3091797442292982,0.5560393333435059,-77.01798211010967
498,0.22017011465170502,0.3214158700394119,0.2287555366348523,0.32141587003154354,0.5669355392456055,-80.10562889730876
499,0.2189589494310013,0.2760503760521709,0.207432274840326,0.27605037603249993,0.5254049897193909,-68.65816390229024
500,0.22091630901257867,0.30367689876353815,0.22412481363313932,0.30367689878163545,0.551068902015686,-75.62940182403487
