Epoch,Train Loss,Validation Loss,Test Loss,MAE,MSE,RMSE,RÂ²
1,1.1073027401125526,1.0446715454362923,1.0703427717099478,0.3074083370166821,1.0703427716470681,1.0345737934112549,-0.07034273645614264
2,1.0124022533861907,0.963806563058499,1.1431854929085616,0.36713442455543266,1.143185492856162,1.069198489189148,-0.14318545527030002
3,0.9434603179696897,0.8994140308320454,1.25096815266452,0.4336210513691326,1.2509681528636387,1.118466854095459,-0.25096811173407896
4,0.8897224132272751,0.8503868167778266,1.3862608510013466,0.48722273010211986,1.386260851064226,1.1773958206176758,-0.3862608054864882
5,0.8474879901550695,0.8105261208495939,1.5579748182106805,0.556275451356238,1.557974818441239,1.2481886148452759,-0.5579747672178579
6,0.8135091096638764,0.7764142718076501,1.820538355570573,0.6261258676969088,1.8205383560526502,1.3492733240127563,-0.820538296196657
7,0.7859385055403343,0.7531847376969535,2.1557544101856565,0.6962773223290076,2.155754410646774,1.468248724937439,-1.1557543397694858
8,0.7638691708535693,0.7313850154342794,2.3108893315176386,0.7400845337542858,2.3108893312242005,1.5201609134674072,-1.3108892552463582
9,0.7438128752634265,0.7075061716181988,2.584057355584679,0.7848670330886003,2.584057354955883,1.6075003147125244,-1.584057269996772
10,0.7276339631925921,0.6918172736962637,2.8059322665562996,0.8305833930130844,2.8059322665982194,1.6750917434692383,-1.8059321743442651
11,0.7104101171698267,0.6740992056801147,3.18813069831408,0.8867229508200845,3.1881306988171167,1.7855337858200073,-2.1881305939971725
12,0.6969946407356129,0.6582790712191203,3.251876673722005,0.8918032248570369,3.2518766738896843,1.8032960891723633,-2.251876566973888
13,0.6848957765727314,0.6436309563847342,3.423842770559447,0.9236884299477378,3.4238427722362372,1.8503628969192505,-2.423842659666508
14,0.6748322079378858,0.6344910508919964,3.5452358216073487,0.9205580485207694,3.5452358226972622,1.8828797340393066,-2.54523570613635
15,0.6631111046622569,0.6284939182711017,3.644156172325323,0.9360633033815321,3.644156171486928,1.90896737575531,-2.6441560516736944
16,0.6550181067532523,0.6124050549121588,3.776887476005397,0.9606007742724576,3.7768874744124465,1.9434216022491455,-2.776887350235249
17,0.6457974214456077,0.6040556994022509,3.872173374580813,0.9691634691888159,3.872173375251529,1.9677839279174805,-2.8721732479415043
18,0.6374301246581777,0.5959045647892073,3.901965155015935,0.9766743109986022,3.9019651556028117,1.9753391742706299,-2.9019650273132873
19,0.6297824902955192,0.5832958359830295,4.139371858776271,1.0096279418023077,4.139371857937876,2.0345447063446045,-3.13937172184285
20,0.6227564116467226,0.5816556987978885,4.2123516489817545,1.0095186980949653,4.212351649945909,2.052401542663574,-3.2123515114514403
21,0.6160584941777643,0.5676737790425892,4.266487009313081,1.0200872584122878,4.266487010570673,2.0655477046966553,-3.2664868702963323
22,0.6089359038041042,0.5629079399239976,4.512470162238394,1.0430295870225508,4.512470162322233,2.1242575645446777,-3.5124700139604137
23,0.6030947591468233,0.5565511830296167,4.54762227338749,1.0509608138996167,4.547622274477403,2.1325154304504395,-3.5476221249598456
24,0.5962167059067988,0.5476591981887681,4.375456438302994,1.03266948224162,4.375456439895944,2.091759204864502,-3.3754562960388865
25,0.5907086988653822,0.5429471001950736,4.440632046800394,1.0366392868796548,4.440632047051912,2.107280731201172,-3.440631901051999
26,0.5855525996750567,0.5363345460349614,4.536126604733886,1.0476353071233728,4.536126604566207,2.1298184394836426,-3.536126455426607
27,0.5803758150000585,0.5299128550468578,4.687102425222869,1.0619885693644429,4.687102424468313,2.1649718284606934,-3.6871022703649015
28,0.5756888423456232,0.5259190035542262,4.613830024784738,1.0538653857052982,4.613830024952417,2.1479828357696533,-3.6138298732580694
29,0.5709073357733568,0.5211207993627277,4.766251046822621,1.0542083392719646,4.766251046822621,2.1831746101379395,-3.7662508901169476
30,0.5673230888096192,0.5213179727719685,4.954798860973054,1.0686857063167698,4.954798861979128,2.225937604904175,-3.9547986990743444
31,0.5634337052397873,0.5143101720636516,5.033376272944303,1.0846945076198369,5.033376273363501,2.243518590927124,-4.0333761078752355
32,0.558550830958382,0.5044883200188273,4.874861288972609,1.0647603875254537,4.874861289140287,2.207908868789673,-3.8748611288637056
33,0.5542740217837129,0.5034490313146259,5.120989941672964,1.0828928428063025,5.120989943182075,2.262960433959961,-4.120989774813231
34,0.5507001493923833,0.4966397105350254,5.102383415827385,1.0816533192225866,5.102383417588014,2.258845567703247,-4.102383249830918
35,0.5467170661675258,0.4944245321848958,5.025366891656603,1.0631225115178706,5.0253668909439675,2.2417330741882324,-4.025366725719035
36,0.5433668959916067,0.4971170771572598,5.10659431723186,1.0739504841395786,5.106594317692977,2.259777545928955,-4.106594149797434
37,0.5396514269966486,0.4929287218043894,4.874369953328436,1.0566742434239649,4.874369954124912,2.2077975273132324,-3.874369793864485
38,0.5378477240938404,0.4829333151789875,4.831623631453776,1.0516603808560214,4.83162363069922,2.1980953216552734,-3.831623471844215
39,0.5343057758004274,0.4789948426519882,4.899326743089236,1.0537916795709632,4.899326742167001,2.213442325592041,-3.89932658108604
40,0.529884331958755,0.47968433901821217,5.025309571761351,1.0642462920723381,5.025309571048716,2.241720199584961,-4.025309405825668
41,0.5272217574091835,0.47339434603235564,4.988979402704553,1.0663495542924484,4.988979403123751,2.233602285385132,-3.9889792390951735
42,0.5247829465036532,0.4695200418227727,5.021136845782563,1.060745349422916,5.0211368456568035,2.2407891750335693,-4.021136680570947
43,0.5217145331503991,0.4720105986551457,5.181145527787261,1.0738308796096634,5.181145528709496,2.2762129306793213,-4.181145358362845
44,0.5181587564478767,0.46500026462994354,5.085225230520898,1.065016020827241,5.085225230814337,2.2550442218780518,-4.085225063621371
45,0.5151705989273615,0.46009506215549417,5.114369211238819,1.062806110549759,5.114369211574177,2.2614970207214355,-4.11436904342301
46,0.5130150513068022,0.45795897373423955,5.176279636286117,1.0776906740377237,5.176279636286117,2.27514386177063,-4.176279466099448
47,0.5098302970393518,0.45392918730792586,4.961124975466467,1.0569635211399624,4.961124975969503,2.227358341217041,-3.9611248128567285
48,0.5068832928542945,0.45451253979783696,4.969752705509846,1.045863332601694,4.969752706306322,2.2292943000793457,-3.969752542909882
49,0.5048516904423904,0.4499605761053636,5.15704209955184,1.0707916515056903,5.157042098210408,2.2709121704101562,-4.157041928656234
50,0.5022309227682474,0.44639971138309914,5.138215660228834,1.0582769627413906,5.138215660773791,2.266763210296631,-4.138215491838596
51,0.49848574473494156,0.4445904779748272,4.988714088201522,1.0459195330273974,4.988714088285362,2.2335429191589355,-3.9887139242655074
52,0.49545992870359656,0.44458236272051027,5.024975857611541,1.0492766124180386,5.024975857611541,2.2416458129882812,-4.024975692399465
53,0.49290890013940303,0.4419225464349896,5.059756506558303,1.0507016834636311,5.059756506725982,2.249390125274658,-4.059756340370382
54,0.49147490797595567,0.438912546494709,5.017760232388318,1.0435079851255311,5.01776023205296,2.2400357723236084,-4.017760067078121
55,0.4883805928358178,0.43521692815481045,5.080757562647809,1.056506709256015,5.080757562857408,2.2540535926818848,-4.080757395811331
56,0.48512276211335714,0.43976357241266784,5.2346033646778745,1.0434798305637234,5.234603364635955,2.2879254817962646,-4.234603192531708
57,0.4824523010509359,0.42898823031376865,5.335692118778334,1.0561568173838185,5.335692119071772,2.3099117279052734,-4.33569194364391
58,0.4811898736507292,0.42948939390608537,5.027962635370401,1.031734525848221,5.027962635244642,2.242311954498291,-4.027962469934367
59,0.47743182044815474,0.42641915150865795,5.035176191324716,1.0211128262530316,5.03517619228887,2.243919849395752,-4.035176026741426
60,0.4767311162130089,0.4238265224509496,5.142953467361219,1.0303663617018815,5.142953467193541,2.267807960510254,-4.142953298102576
61,0.47214092529975715,0.41971697125750307,5.2728634047770235,1.0572538115113645,5.272863405112382,2.296271562576294,-4.272863231750214
62,0.47158985116187574,0.4165082668332983,5.291031718675907,1.0485679381653503,5.291031717879432,2.3002243041992188,-4.291031543919923
63,0.46965001414918545,0.4164155520541425,5.348584245090956,1.0408265489641126,5.348584244126802,2.3127007484436035,-4.348584068275071
64,0.4648662277962409,0.41447583158742657,5.566869047493725,1.0730847010979285,5.566869046948768,2.359421491622925,-4.566868863920229
65,0.46622742371598563,0.41436833286101055,5.306880641037291,1.0398126725207317,5.306880641959526,2.303666591644287,-4.306880467478933
66,0.46311590652257234,0.41075679486764666,5.4685643587891875,1.0493293970128992,5.468564358537669,2.338496208190918,-4.468564178741209
67,0.46137787804821273,0.4051128429048113,5.321892082494694,1.0465431299523993,5.321892082536613,2.306922674179077,-4.321891907562472
68,0.4589171074628234,0.4040414499372824,5.206649376653053,1.0420367322439676,5.206649377198009,2.281808376312256,-4.206649206012838
69,0.4574993314292774,0.40196309051938345,5.333690617697579,1.044915134178413,5.333690617739499,2.309478282928467,-4.333690442377443
70,0.45540275566641075,0.4014320948074773,5.088807985305131,1.0162534051937062,5.088807984592496,2.255838632583618,-4.088807817281736
71,0.45214777952442575,0.40191008437335285,5.061091141305127,1.0272792190929037,5.061091141640485,2.2496867179870605,-4.0610909752410045
72,0.4522620123662246,0.3937897381128451,5.318284895303485,1.0459420389238294,5.3182848948423675,2.306140661239624,-4.318284719986824
73,0.449726252821824,0.3956399273404687,5.149704916731342,1.0340677500085516,5.149704917150539,2.269296169281006,-4.149704747837599
74,0.4475771182262188,0.39633201413445457,5.210937000732501,1.0439568757172468,5.210937000271383,2.282747745513916,-4.210936828945243
75,0.44545265438329595,0.39000832831053933,5.289488820560686,1.0465531039395175,5.2894888197222905,2.299888849258423,-4.28948864581351
76,0.44441517606153585,0.3943131998215481,5.121299805463015,1.028576554769998,5.121299805588775,2.263028860092163,-4.121299637209742
77,0.44390296374362004,0.3882344423068894,5.303405123165676,1.0447572145986033,5.303405123081836,2.302912473678589,-4.303404948715512
78,0.44051528724961003,0.39022567520709656,5.45590610579868,1.0485201442425067,5.455906105987318,2.3357880115509033,-4.455905926607039
79,0.43930367846284685,0.3846161968144081,5.109432922828328,1.0263635904291173,5.109432923415205,2.2604055404663086,-4.109432755426335
80,0.43768046539264194,0.3850731062622824,5.555501353876931,1.0590158637329772,5.555501353814051,2.357011079788208,-4.5555011711592615
81,0.4369032479633873,0.3878625500191938,5.340871332207879,1.0408751902108664,5.34087133199828,2.31103253364563,-4.340871156400135
82,0.43456565400136554,0.38281523112169247,5.142286071162958,1.027589457333743,5.142286072001353,2.2676608562469482,-4.14228590293233
83,0.43278182430584095,0.376228897439109,5.214633373370537,1.0321562199854588,5.214633373622056,2.283557176589966,-4.214633202174386
84,0.43084388796735335,0.3876333198511177,5.495510704745303,1.053272231552627,5.495510704745303,2.3442506790161133,-4.4955105240628965
85,0.4286878613049496,0.3826722835876551,5.5455630598146834,1.061617905794919,5.545563059458366,2.3549020290374756,-4.545562877130329
86,0.42828739142614247,0.3746082948706404,5.2654475595138885,1.0352415601709386,5.265447560016925,2.294656276702881,-4.265447386898577
87,0.42682766446020687,0.3737415465139032,5.257079755235504,1.0282931327610225,5.257079755696622,2.292832136154175,-4.257079582853391
88,0.4250805218092197,0.3714887329751683,5.338197280030984,1.0558599738865109,5.338197280408262,2.3104538917541504,-4.338197104898035
89,0.422533113041633,0.3683926988644835,5.463104670270459,1.069054272201035,5.463104669809342,2.3373284339904785,-4.463104490192387
90,0.42272275457799374,0.36760571266674913,5.224722415456405,1.0274072462647825,5.224722415770803,2.2857651710510254,-4.224722243991423
91,0.4190001414679062,0.3779291940889271,5.39084316597928,1.0407779285724346,5.390843165905921,2.3218190670013428,-4.390842988664793
92,0.41742652810616915,0.3629083287965118,5.224399671837523,1.0316171068044808,5.224399671963283,2.2856945991516113,-4.224399500194514
93,0.417763023774925,0.3690378817905675,5.366877143113168,1.0352995355522239,5.36687714273589,2.3166520595550537,-4.366876966282721
94,0.41558802971496045,0.36159295451327017,5.393016512113613,1.0377116674486098,5.393016511673456,2.32228684425354,-4.393016334360872
95,0.4135276032015194,0.3640483301273736,5.105711299461323,1.0212937087593499,5.1057112998386005,2.259582281112671,-4.1057111319720905
96,0.41348151080601664,0.3597851393063727,5.24881961275981,1.0401298218192634,5.248819613179008,2.2910304069519043,-4.248819440607356
97,0.4097868072105583,0.37419427543503037,5.3147514282897275,1.0288664381844657,5.314751428446927,2.3053746223449707,-4.314751253707557
98,0.4119825457519927,0.35740958162735964,5.2117008793065835,1.0341986758053958,5.211700878971226,2.2829151153564453,-4.21170070761997
99,0.4072104041033724,0.3537236649624124,5.740060155334054,1.0812140475262653,5.740060155732291,2.3958423137664795,-4.740059967009543
100,0.4080339120054647,0.3568143795292402,5.236660139833178,1.0459779138460263,5.236660139434941,2.288374900817871,-4.23665996726307
101,0.40529137409945354,0.3554552663335276,5.29807669534002,1.0412023116310873,5.298076694878903,2.30175518989563,-4.2980765206877685
102,0.40513370094089596,0.3529083581331942,5.656217995871554,1.0765722557109791,5.656217996018274,2.3782804012298584,-4.6562178100521034
103,0.4037915387549058,0.3506916054540483,5.260451282037484,1.0360885314103012,5.260451282173722,2.293567419052124,-4.260451109219643
104,0.4015143466083832,0.35020397586784274,5.4949597427976,1.0553316548944829,5.494959742954799,2.344133138656616,-4.494959562290507
105,0.4016007016323472,0.34816289810551265,5.4017169010901185,1.052867684332879,5.401716901257798,2.3241593837738037,-4.4017167236591614
106,0.40094375538352206,0.35124131375571704,5.396878662660882,1.0491971059526717,5.396878662671361,2.3231184482574463,-4.396878485231798
107,0.39829729746074477,0.3445686925983511,5.63387801873291,1.0847744110233182,5.6338780188377084,2.373579263687134,-4.633877833606037
108,0.3977194961364956,0.3553621866022325,5.387026865178412,1.074088415627951,5.387026865346091,2.3209969997406006,-4.387026688230436
109,0.3977577834300891,0.34133750703463167,5.773359825280997,1.0867276280371698,5.773359825081878,2.4027817249298096,-4.773359635264297
110,0.3935080836579344,0.34109638662409264,5.653848693006641,1.0891468672280784,5.653848692818002,2.3777823448181152,-4.65384850692973
111,0.39411881496033196,0.34297111875207975,5.654772549189054,1.0911779470338927,5.654772549147134,2.377976655960083,-4.654772363228488
112,0.3928892959468644,0.33996158342932237,5.24723389501624,1.0455161076954433,5.247233895215359,2.290684223175049,-4.247233722695843
113,0.3909424188282438,0.3352154678068756,5.572484701546994,1.0940227621309049,5.572484701347875,2.3606109619140625,-4.572484518134703
114,0.3908964838575009,0.3417567501107032,5.228698250660529,1.0575263793442276,5.22869825060289,2.286634683609009,-4.228698078692792
115,0.3896849369337218,0.3400120650984577,5.782634526868443,1.118020908020355,5.782634526789844,2.4047110080718994,-4.782634336667328
116,0.38870985979377043,0.33115574493577526,5.655657757434216,1.1043931000678093,5.655657757329417,2.3781626224517822,-4.655657571381666
117,0.3877173406945539,0.3313874093749542,5.688897695030485,1.0980239194932875,5.688897694810406,2.385140895843506,-4.688897507769787
118,0.3869930227039507,0.330170726588365,5.672331555382236,1.1026388003171146,5.672331555623274,2.3816657066345215,-4.67233136912732
119,0.3850998216968047,0.34629368359758544,6.023639300346375,1.126153107402089,6.023639300435454,2.454310417175293,-5.023639102389139
120,0.38395907605824176,0.3389404444111445,5.907635500289581,1.1214501089158948,5.907635500446781,2.430562734603882,-4.90763530621446
121,0.38317045348395457,0.32755681895069516,5.530342011255223,1.0936052425091083,5.530342011265702,2.351667881011963,-4.530341829438106
122,0.38315061524182786,0.32924804436245597,5.6892917548326345,1.1155248683049128,5.689291754864074,2.385223627090454,-4.689291567810499
123,0.3824711712504621,0.3287854968784601,5.566257660333926,1.0943791889358352,5.5662576602448475,2.3592917919158936,-4.56625747723641
124,0.3811794997577361,0.3285844057661834,5.5346165831482015,1.0998410020765368,5.534616583226801,2.352576494216919,-4.534616401258664
125,0.38017816297945806,0.32846368517287133,5.4449337169351155,1.0992399682893859,5.444933716830317,2.3334381580352783,-4.4449335378107895
126,0.3793665350336318,0.33338825797741084,5.591514227932626,1.1145779926593486,5.591514227882846,2.364638328552246,-4.591514044044018
127,0.37667180749231793,0.33693680171977475,5.577902909648287,1.1078205603714828,5.577902909640428,2.3617584705352783,-4.577902726249115
128,0.3762460454477842,0.32301345362764317,5.793674843717407,1.1281465215368585,5.793674843895566,2.4070053100585938,-4.793674653410065
129,0.3758548880438418,0.32947568868853383,5.776590094159593,1.130103706234104,5.776590094222472,2.403453826904297,-4.776589904298686
130,0.3760831926271698,0.3213745279359244,5.852644951919933,1.1285616629045088,5.852644951919933,2.4192240238189697,-4.852644759495601
131,0.37606539288959717,0.3176206138228223,5.871482311316899,1.1341068542396628,5.871482311364058,2.423114061355591,-4.8714821183203885
132,0.3741377969765258,0.31876286835775614,5.773040627469073,1.130673298385117,5.7730406274219135,2.4027152061462402,-4.773040437614828
133,0.37298773278958003,0.31742013421801496,5.7912918515519785,1.1224707866291423,5.79129185132142,2.406510353088379,-4.791291660914267
134,0.370831185746592,0.3262054989274425,5.701107592970461,1.1155656019776732,5.70110759302286,2.3876991271972656,-4.701107405580801
135,0.37114774755221,0.3163849172672046,5.626017906317344,1.1170374968811705,5.6260179064011835,2.371922731399536,-4.626017721427937
136,0.37012407280924764,0.3202707855408544,5.876547281802355,1.1548097311376215,5.876547281799736,2.424159049987793,-4.876547088589539
137,0.36930878538605555,0.3239644105918492,5.918567195284497,1.1235386317536071,5.918567195399777,2.4328105449676514,-4.918567000808042
138,0.37027466166132084,0.3144364545879222,5.653433404655247,1.1068011743314974,5.653433404550448,2.377694845199585,-4.65343321867583
139,0.3666113901484616,0.31261904972081606,5.938088172991197,1.1345272335848966,5.9380881728916375,2.436819314956665,-4.938087977658088
140,0.36783060674228596,0.3168808734823202,5.916377813981129,1.1371739560431176,5.91637781397589,2.4323606491088867,-4.916377619456138
141,0.3652227457181514,0.3174692368486903,5.462975959929791,1.0869093027638865,5.462975959940271,2.337301015853882,-4.462975780327548
142,0.36486599752174237,0.30972219447841076,5.79477338720416,1.1294401384500357,5.794773387298479,2.407233476638794,-4.79477319677686
143,0.36456929235506685,0.31850185086534605,5.877202214804324,1.1509417578938244,5.877202214822664,2.4242942333221436,-4.877202021590935
144,0.36525339649264255,0.30683255221733113,5.844997756250612,1.1280593542371478,5.844997756203452,2.4176430702209473,-4.844997564030547
145,0.3643044225859745,0.30900958553724683,5.742649652219081,1.1139548247201103,5.74264965230292,2.3963825702667236,-4.7426494634950345
146,0.36244100595996176,0.30993377149856105,5.620485930288231,1.1057958450317382,5.620485930301331,2.3707563877105713,-4.620485745509966
147,0.36213704154027543,0.31055381182167263,6.041860676131406,1.148260199536334,6.041860676183806,2.458019733428955,-5.041860477538404
148,0.3624186977191053,0.3094546879570236,5.662883155387837,1.108622058239612,5.662883155267317,2.379681348800659,-4.662882969082009
149,0.36140596858106255,0.3072289617303311,5.532046628538069,1.0905238185086092,5.532046628637628,2.3520302772521973,-4.532046446753987
150,0.36088634107784623,0.30450452491043634,5.621198043309725,1.1005119676904365,5.621198043335925,2.3709065914154053,-4.621197858521147
151,0.3589158832461744,0.3032177808580393,5.659279502653813,1.1180188856858473,5.6592795026747735,2.3789241313934326,-4.659279316607947
152,0.35877478032799015,0.30641254839857557,5.5379536244895435,1.110371061220274,5.537953624473824,2.353285789489746,-4.53795344239597
153,0.35894056659877455,0.3017130721561005,5.754833247378632,1.1199443969307366,5.754833247368152,2.398923397064209,-4.754833058159692
154,0.3581411921026914,0.3036800192376729,5.499303188145816,1.0907410886785487,5.499303188114376,2.345059394836426,-4.4993030073072795
155,0.35759903862189885,0.3039510831663562,5.588983715680929,1.1034233484372988,5.58898371567045,2.364103078842163,-4.5889835319148204
156,0.3567919778866506,0.30043562469408686,5.6125137197578345,1.0995717034392305,5.612513719763075,2.3690743446350098,-4.612513535233822
157,0.3571670563309165,0.30243614700378557,5.802369584777853,1.1359636721349025,5.8023695847961925,2.40881085395813,-4.802369394024824
158,0.3564203334000128,0.2978383012491471,5.793854769939904,1.1152770949562827,5.7938547699608645,2.4070427417755127,-4.793854579469447
159,0.3552998364037509,0.2981847561520331,5.635607069565699,1.1031704921093617,5.6356070694609,2.373943328857422,-4.63560688417238
160,0.35295334831115677,0.2961786540094998,5.61278628059534,1.1103744779314313,5.61278628047482,2.3691320419311523,-4.612786095936606
161,0.3532619821903284,0.2974640120029927,5.411061214976258,1.0765167398557558,5.4110612150181785,2.3261687755584717,-4.411061037112318
162,0.35289605307321215,0.30745946055903334,5.635049025333845,1.1236951830518114,5.635049025305025,2.373825788497925,-4.635048840034852
163,0.3516496416449865,0.294768764559107,5.689970955377096,1.1075452733301854,5.689970955298497,2.3853659629821777,-4.689970768222591
164,0.3524544669865276,0.29498100534320426,5.605724682831502,1.0930414334601097,5.605724682836742,2.3676412105560303,-4.605724498530701
165,0.3520790799407275,0.29488389603665605,5.742208557369945,1.1250751401880286,5.742208557380425,2.3962905406951904,-4.7422083685870415
166,0.3539170052395775,0.29414321476122085,5.445187321762463,1.0970615296835429,5.445187321683862,2.3334925174713135,-4.445187142655998
167,0.3511925740109021,0.29522926385716064,5.612647317472395,1.0979427154876373,5.612647317351875,2.369102716445923,-4.61264713281823
168,0.35071064683900166,0.2976673729572646,5.40409122469923,1.0755885794503348,5.404091224654691,2.3246700763702393,-4.404091046977991
169,0.34947555471002006,0.292964444114034,5.391403152375759,1.080095453597687,5.3914031522814385,2.321939468383789,-4.3914029750219
170,0.34932286306630117,0.2932048331873592,5.657527757982631,1.1123837265182328,5.657527758035031,2.3785557746887207,-4.657527572025798
171,0.34967958812135125,0.2926789482332177,5.710853934086286,1.1125250419993977,5.710853934130826,2.3897392749786377,-4.7108537463683255
172,0.3479316619546077,0.29438622250453167,5.777786677436514,1.1146363989023063,5.777786677363155,2.403702735900879,-4.777786487400027
173,0.34965327767090965,0.29113827297146105,5.329385390999553,1.0713213038601719,5.329385391067673,2.3085460662841797,-4.329385215847164
174,0.3477485844089535,0.2918723477863569,5.506086764063154,1.1072442428253508,5.506086764010754,2.3465051651000977,-4.506086582980626
175,0.34641415041839596,0.28940915748186813,5.517057943496075,1.0910846847701858,5.517057943433196,2.348841905593872,-4.517057762042355
176,0.3473275006604038,0.2924946581084977,5.1569428854931845,1.0675850106543237,5.156942885519384,2.270890474319458,-4.156942715968472
177,0.3463890423840454,0.2932385858024587,5.160949947333598,1.0650753110948499,5.160949947341458,2.2717723846435547,-4.160949777658801
178,0.34852100884131487,0.2898538851015961,5.071833692215301,1.052865909744095,5.071833692165521,2.252073287963867,-4.0718335254128455
179,0.3444804909403333,0.3014218104962699,5.241015637312617,1.0850044535542582,5.241015637329647,2.2893264293670654,-4.241015465014575
180,0.3462356888788085,0.2890828631468382,5.269057906486176,1.0857670355157538,5.269057906470456,2.295442819595337,-4.269057733233406
181,0.3448049490577507,0.286908602165773,5.243037655416426,1.0593095347645518,5.243037655332587,2.2897679805755615,-4.243037482951035
182,0.345034248233622,0.2872428667495819,5.07968892112407,1.0557303285074757,5.07968892112145,2.253816604614258,-4.079688754110509
183,0.34456431244924424,0.2861285752686165,5.319199537382021,1.0838463084042727,5.319199537329621,2.3063390254974365,-4.319199362444006
184,0.3428491026759009,0.28827822169999484,5.69254302909348,1.1224115305470896,5.69254302914588,2.3859050273895264,-4.692542841985409
185,0.34221999650695556,0.29786572556810414,5.0726301800379385,1.05487833907578,5.072630180023529,2.2522499561309814,-4.072630013244665
186,0.3449811777476942,0.28902890629392175,5.088429503831235,1.05016259933304,5.088429503812895,2.2557547092437744,-4.0884293365145785
187,0.34284940803263925,0.28363108521952524,5.242017035400474,1.0710582073966226,5.242017035342835,2.2895452976226807,-4.24201686299484
188,0.34287879570070534,0.28900459962304925,5.1588841860386045,1.0681872125143532,5.158884186053014,2.271317720413208,-4.158884016438276
189,0.34195234518639445,0.2933567271199833,4.909936539461325,1.0244128672002435,4.909936539450845,2.2158377170562744,-3.9099363780210528
190,0.3414413385549705,0.3074086568916786,5.057238500031796,1.0738921851063823,5.057238500039656,2.248830556869507,-4.057238333766843
191,0.34319261812290147,0.28366454742925684,4.849505318314165,1.0214010520348182,4.849505318342985,2.2021594047546387,-3.849505158900061
192,0.3419676177801533,0.2853603204987508,4.914724748171293,1.0345378940708034,4.914724748181773,2.2169177532196045,-3.914724586594553
193,0.3418811964523415,0.289531411280064,5.141307638632072,1.0707088232774,5.1413076386242125,2.2674453258514404,-4.141307469587359
194,0.34166001023876963,0.29548356588524505,5.264417340632323,1.062696861413809,5.264417340684723,2.2944319248199463,-4.2644171676002465
195,0.341956138804824,0.2792492209260543,5.093753506774431,1.0399193103601645,5.093753506769191,2.256934404373169,-4.093753339295831
196,0.34029320284573017,0.27950639696567736,5.213477005305854,1.0718820404744411,5.213477005253454,2.28330397605896,-4.213476833843803
197,0.3406457181758922,0.2862443558163386,5.251654859456387,1.0783034584967646,5.251654859453767,2.2916488647460938,-4.251654686788898
198,0.339182994269534,0.2796484156521325,5.024867872932455,1.0393395439399469,5.024867872987475,2.241621732711792,-4.02486770777895
199,0.33985821501127556,0.2876032086838152,4.9431559748492395,1.0411278062757554,4.9431559748675795,2.223320960998535,-3.9431558123455934
200,0.34015090513937724,0.28593553318754095,4.776479038600083,1.0194559999403063,4.776479038610563,2.1855156421661377,-3.776478881568611
201,0.3375313830825651,0.27885720315821394,4.8951727697220475,1.0299091701297969,4.895172769661788,2.212503671646118,-3.8951726087174023
202,0.3395916051622881,0.27864604407296284,5.003477410425852,1.037991511606908,5.003477410417991,2.2368454933166504,-4.0034772459127455
203,0.3381428837840067,0.2797706010739691,4.766607892163507,1.0101978520403851,4.766607892215907,2.183256149291992,-3.766607735498501
204,0.3373676252771836,0.27842825629320617,4.971261324120092,1.0308391825917003,4.971261324091272,2.229632616043091,-3.9712611606452324
205,0.3371765151076847,0.28030327860722565,4.893063948322128,1.0355547702495869,4.8930639483116485,2.212027072906494,-3.8930637874365965
206,0.33719857499603273,0.2759455814641844,4.775829431892096,1.0134929037094116,4.775829431877686,2.1853671073913574,-3.7758292748570925
207,0.3377625977332774,0.2773208298360905,4.94680818099635,1.0444368888519622,4.9468081810029,2.22414231300354,-3.9468080183608354
208,0.3362495743032254,0.27916606731653076,4.718983259544268,1.0143109773489145,4.718983259557367,2.1723220348358154,-3.7189831044057726
209,0.3364443388952944,0.2925819952420694,4.992749783310261,1.0445849022498497,4.9927497833037116,2.2344460487365723,-3.99274961915117
210,0.3362345700370174,0.27676008325944923,4.529070914556692,0.9875716862521329,4.529070914546212,2.1281614303588867,-3.52907076563859
211,0.3363968312056549,0.2739967259336242,4.711693480437929,1.003523056763869,4.711693480431379,2.1706435680389404,-3.711693325519458
212,0.33679276810151926,0.2827760035528418,4.614326347454564,1.0150433421711345,4.614326347471594,2.1480982303619385,-3.6143261957609276
213,0.3351993588608699,0.28341034595926057,4.761554386076036,1.0155917387742264,4.761554386074726,2.182098627090454,-3.76155422952347
214,0.33522324253177715,0.2808256046426187,4.568258173702837,1.0003241926339956,4.568258173701527,2.1373484134674072,-3.568258023505499
215,0.333280629485678,0.27552471964322417,4.828833075839085,1.030752179806049,4.828833075839085,2.197460651397705,-3.828832917075827
216,0.33439056951361956,0.2750128317355495,4.693249569940043,1.013014643574809,4.693249569926943,2.166390895843506,-3.693249415621425
217,0.33364022875136495,0.27463472349929785,4.766307050731156,1.032984679546985,4.766307050733776,2.183187246322632,-3.7663068940262603
218,0.3346053720688627,0.2744146751357245,4.616979673835602,1.00239883853577,4.6169796738067825,2.1487157344818115,-3.6169795220088803
219,0.33298469402754327,0.2816912309308232,4.64775641147907,1.0074574779887775,4.64775641147907,2.1558656692504883,-3.6477562586692835
220,0.33321143227704497,0.27805867290629965,4.5793147483926555,0.9965858957479288,4.579314748392,2.1399333477020264,-3.579314597832452
221,0.3318498043620484,0.27299543842843993,4.721683848302115,1.0124787632240044,4.7216838483256955,2.172943592071533,-3.7216836930853097
222,0.3326304563233907,0.27388872214574855,4.640767507802981,1.0052883566657265,4.640767507812806,2.1542441844940186,-3.6407673552328035
223,0.3327922541477144,0.2800732419125198,4.334572441250414,0.968547984951145,4.334572441255653,2.081963539123535,-3.3345722987427875
224,0.33158886390493364,0.2892752838460782,4.601242168441579,1.0312564745473338,4.601242168436993,2.145050525665283,-3.601242017156512
225,0.3325030654208315,0.27239404343674545,4.494682531824479,0.9822471426869487,4.494682531798279,2.1200666427612305,-3.494682384021284
226,0.33187552562480693,0.2787678463915779,4.585377455817474,1.013542311825595,4.585377455803064,2.1413495540618896,-3.585377305044185
227,0.3320502073219108,0.28049839817473976,4.550839032367691,0.9812229637313675,4.55083903241485,2.1332695484161377,-3.550838882791532
228,0.33160852352958364,0.2750707211482839,4.408899303588238,0.974770169708755,4.408899303588238,2.0997378826141357,-3.40889915863164
229,0.33101357180904734,0.2825744652981952,4.56833211219933,1.0062551383133773,4.568332112197037,2.1373658180236816,-3.5683319619985783
230,0.3326136016363236,0.2756606224851783,4.545543580250098,0.994810254589542,4.545543580238308,2.132028102874756,-3.5455434307890945
231,0.330846080518341,0.2727772554205592,4.6085125723749725,1.0036605764326159,4.608512572319953,2.146744728088379,-3.6085124208004338
232,0.33177093511727573,0.2692718168185066,4.453186280990695,0.9818864707108382,4.453186280973665,2.110257387161255,-3.4531861345609913
233,0.3302037058148979,0.2690141940316589,4.5900938643970335,1.0002384485726827,4.590093864410133,2.1424505710601807,-3.590093713496187
234,0.329999538192177,0.27876790637856635,4.2302009686015465,0.9664567846151498,4.230200968589101,2.0567452907562256,-3.2302008295077798
235,0.33058399027802965,0.2699899944661341,4.459472917611782,0.9863029459439792,4.459472917597372,2.111746311187744,-3.4594727709780058
236,0.32926505531531286,0.26957645780937095,4.572415455975375,0.9920408230142279,4.572415455995025,2.1383206844329834,-3.5724153056623136
237,0.33019255135778,0.28088523112024094,4.457560459987148,0.9855328400580438,4.457560459959638,2.1112935543060303,-3.4575603134031496
238,0.3299749731012372,0.2742042698196529,4.377367461266099,0.974273753113799,4.377367461279853,2.0922160148620605,-3.3773673173599654
239,0.3264612526111386,0.2693132847615807,4.806620854034529,1.0135718237069937,4.8066208540240485,2.1924006938934326,-3.8066206959910884
240,0.3304265524816666,0.278364033909154,4.416975894192418,0.9623490414881444,4.416975894206828,2.1016602516174316,-3.4169757489846866
241,0.32851541520232846,0.26703189250000703,4.608809317973944,0.9948141167609246,4.608809317942504,2.1468138694763184,-3.608809166413228
242,0.3280168627428091,0.2691971917076619,4.457159581249887,0.9890789363358047,4.457159581249232,2.111198663711548,-3.4571594347059236
243,0.32682945626457327,0.2748271628847305,4.247297567739592,0.9628490852314038,4.2472975677133915,2.0608973503112793,-3.247297428069965
244,0.32847310956307046,0.2671623298418276,4.4746711474879755,0.9910641965342092,4.474671147461776,2.115341901779175,-3.4746710003427195
245,0.32729541578857146,0.269601656391551,4.554060254751981,0.9870673995804,4.554060254779491,2.1340243816375732,-3.5540601050502643
246,0.3278279515907229,0.2665427500695707,4.479506228884498,0.983355589227362,4.479506228889738,2.1164844036102295,-3.4795060816117127
247,0.3268275369167094,0.2742447380296553,4.237965775659451,0.9587649554158305,4.237965775649626,2.0586318969726562,-3.237965636313012
248,0.32670292965625847,0.2653872827449888,4.478832324008366,1.0039593492235457,4.478832323999195,2.1163251399993896,-3.4788321767433263
249,0.3273685265640331,0.26900188958129384,4.395835028833741,0.9745947930681836,4.39583502882457,2.0966246128082275,-3.3958348842975017
250,0.3262738944481943,0.2707641957253047,4.289650011249951,0.9742528131086747,4.289650011236851,2.0711469650268555,-3.289649870200953
251,0.3269376952172057,0.26500947637075956,4.410658834837295,0.9842706011258638,4.410658834808475,2.100156784057617,-3.410658689794027
252,0.3275334131958836,0.26458906882782846,4.309954295409905,0.9710370047642635,4.309954295391565,2.076042890548706,-3.309954153688099
253,0.3279184479706087,0.26769179129484455,4.319305043272265,0.9691113232203892,4.319305043255235,2.078293800354004,-3.319304901244333
254,0.3264880697581949,0.2652336011168132,4.313678405981142,0.9759054308985616,4.313678405995552,2.076939582824707,-3.3136782641696447
255,0.32552588880356476,0.26748698629259654,4.540437158767993,0.9996115666483785,4.5404371587732335,2.1308302879333496,-3.54043700949191
256,0.3244955957354296,0.2651168897355409,4.436991723009518,0.9819644808297628,4.4369917230566776,2.106416702270508,-3.4369915771764523
257,0.3252226727485249,0.26283430767598703,4.481140933163873,0.9841902511932038,4.481140933154704,2.116870641708374,-3.481140785822932
258,0.32461699990031545,0.28606609382750925,4.424911405710729,0.9877692254454224,4.424911405696319,2.1035473346710205,-3.424911260213272
259,0.32641295776650475,0.2701583493710042,4.595563715619782,1.0125711117733966,4.595563715642052,2.1437265872955322,-3.595563564548267
260,0.3238696711461152,0.2661296295162124,4.13821475402667,0.953518657548087,4.13821475400571,2.0342602729797363,-3.1382146179487282
261,0.3258887313095995,0.27015416726623614,4.081180494143413,0.9441728882213215,4.081180494172233,2.020193099975586,-3.0811803599904337
262,0.3250839555561264,0.268593885120589,4.182969782960939,0.9481970402644231,4.182969782987139,2.0452311038970947,-3.1829696454586927
263,0.3238518331952003,0.264204703514621,4.364284659287431,0.996646563393729,4.364284659273022,2.0890870094299316,-3.3642845157832726
264,0.3238744764168787,0.26745815538936735,4.509762374768545,1.0006453327346634,4.509762374731865,2.12362003326416,-3.509762226459073
265,0.3234856224906645,0.2721991193347439,4.2388320481316235,0.962035036611033,4.238832048129659,2.058842420578003,-3.2388319087645634
266,0.32458186522141463,0.2642418234080998,4.20180684866879,0.9593226737347278,4.20180684865176,2.049830913543701,-3.201806710503986
267,0.3234469640026462,0.27052620187623666,4.3344296051683004,0.9850858032729599,4.334429605191881,2.0819294452667236,-3.334429462683711
268,0.3234769616379301,0.26781845984624153,4.1538480225892345,0.9578266075050438,4.153848022618055,2.0380990505218506,-3.153847886047079
269,0.3237046864072481,0.26559645707408586,4.055114312370073,0.9509144132844695,4.055114312364178,2.0137314796447754,-3.0551141790393874
270,0.3212549489152183,0.26097752717232925,4.464202847178821,0.985348781491374,4.46420284719192,2.112865924835205,-3.464202700417043
271,0.3223884341655736,0.2656771138865172,4.30977560544276,0.9703434914389809,4.30977560545455,2.0759999752044678,-3.3097754637569583
272,0.3242386903990079,0.2613472065855274,4.3025039698350565,0.9777480859022875,4.302503969814096,2.0742478370666504,-3.302503828355583
273,0.32209593186807894,0.2619805090888942,4.173510300072995,0.9600004439720741,4.173510300080855,2.042917013168335,-3.17351016286342
274,0.3232609026082346,0.2661250896273951,4.306360149828942,0.9848627192947891,4.306360149848592,2.0751771926879883,-3.3063600082632956
275,0.32253598286569735,0.2633697473297892,4.125604645233888,0.9569686651753855,4.125604645205068,2.031158447265625,-3.1256045095626837
276,0.32298422646426855,0.2686348059828066,4.2362420372373455,0.970015807225154,4.236242037267475,2.058213233947754,-3.2362418979875347
277,0.32213351057832695,0.26294990204795254,4.402062852187471,0.9824663170405796,4.402062852217601,2.098109483718872,-3.402062707485773
278,0.32170043925078784,0.2669216351496122,3.951706386205914,0.9420854655674525,3.9517063861862645,1.9878900051116943,-2.9517062562613385
279,0.3229491038440843,0.2616247349818752,4.226739887698666,0.9767061468690307,4.226739887688186,2.055903673171997,-3.226739748720659
280,0.32265250668810813,0.260964141896193,4.195827936752812,0.9670048999995976,4.195827936741022,2.0483720302581787,-3.195827798789823
281,0.3206450481554812,0.2590826775063627,4.283154087908976,0.9711488060374837,4.283154087899805,2.069578170776367,-3.2831539470774818
282,0.31928497006735607,0.27569768819168533,4.219601077932578,0.9602480954599905,4.2196010779469875,2.054166793823242,-3.219600939214171
283,0.3230960124635069,0.2624249781051998,4.026155485254067,0.943521714598268,4.026155485265858,2.00652813911438,-3.0261553528931806
284,0.3199638210871334,0.2673854452928044,4.0511245177827035,0.9479341911902794,4.051124517755194,2.0127406120300293,-3.0511243845615805
285,0.32246326594284536,0.26011911867120285,4.255070942973043,0.9696161757668296,4.255070942959943,2.0627825260162354,-3.255070803060941
286,0.3204239258448879,0.2574815636767418,4.226014121109313,0.9730050110869355,4.226014121121103,2.055727005004883,-3.226013982177437
287,0.3204065205681924,0.2643650311579819,4.210439931433279,0.9692834272699041,4.21043993146341,2.0519356727600098,-3.210439793031795
288,0.32030528917555695,0.2699626434547453,3.9754373416730338,0.9437538742442707,3.9754373416808937,1.9938498735427856,-2.975437210975737
289,0.32118528014259057,0.2712712717749272,4.343082261955345,0.9998523171183827,4.343082261926525,2.0840063095092773,-3.3430821191338715
290,0.32000659383853686,0.2659864414991109,3.958742762521073,0.9346262288565164,3.9587427624817733,1.9896589517593384,-2.9587426323255044
291,0.3198575345432551,0.2594821553502364,4.200505604919496,0.9585173399160196,4.200505604859237,2.049513578414917,-3.2005054667542447
292,0.31901401299455895,0.25681843930366793,4.282186515253978,0.979247829080938,4.282186515233019,2.0693445205688477,-3.2821863744425075
293,0.3192836251998761,0.25841472380008346,4.3250106390085845,0.9759918672331087,4.325010638994175,2.0796658992767334,-3.3250104967956835
294,0.32011716101454607,0.259618771954398,3.986319815461452,0.9385642054840758,3.986319815475862,1.9965770244598389,-2.98631968441291
295,0.3185577068982274,0.26381273719248494,4.11883683851263,0.96941969033126,4.118836838457611,2.029491662979126,-3.118836703037739
296,0.3217366548785172,0.2587696995022883,4.133609803021609,0.948532162467202,4.133609803026849,2.033128023147583,-3.133609667121269
297,0.3183561717157527,0.25912231154791066,3.854242367207349,0.9362701535486913,3.854242367181149,1.9632225036621094,-2.8542422404606635
298,0.3190081196603354,0.2694341056791368,4.263718231195932,0.9799232976515214,4.263718231143533,2.0648772716522217,-3.263718090960224
299,0.3190858464752556,0.2619403229827938,4.072420053227917,0.9495946751269665,4.072420053197788,2.018023729324341,-3.072419919304016
300,0.317671758570028,0.2566245986125245,4.006745922995792,0.9566811664287861,4.006745923003653,2.001685857772827,-3.006745791269127
301,0.3200350657800552,0.2613201918044178,4.021415468200223,0.9480893324128874,4.021415468150443,2.0053465366363525,-3.021415335933609
302,0.31868990201225217,0.2675438785957512,3.853711630345701,0.9151017966846844,3.853711630322121,1.9630873203277588,-2.8537115036190848
303,0.3189535438478211,0.2587543142074026,4.310377833455965,0.9877063659311651,4.310377833448105,2.0761449337005615,-3.3103776917307135
304,0.31866016253786983,0.2707294048193121,4.002428241231284,0.9442302052110106,4.002428241207705,2.0006067752838135,-3.0024281096151366
305,0.32016692930149215,0.2564406405703377,4.09803079357514,0.9580688143090887,4.09803079355025,2.0243594646453857,-3.0980306588144444
306,0.3182355056641706,0.2573014090287863,4.033017056851596,0.9422156253856617,4.033017056881726,2.008237361907959,-3.0330169242834533
307,0.31960405788125135,0.26088118695687046,4.130408809226293,0.9640157561249786,4.130408809211883,2.0323407649993896,-3.130408673411546
308,0.3178679460627766,0.25628747544875463,4.100516684953983,0.9464369825635638,4.100516684919923,2.0249733924865723,-3.1005165501023857
309,0.3177493946410299,0.2555932383092477,4.080883262702397,0.9510596091930683,4.080883262685367,2.0201196670532227,-3.0808831285133405
310,0.3188816691946187,0.25648309759548166,4.002539763195829,0.9398724032391559,4.002539763229889,2.0006349086761475,-3.0025396316336543
311,0.3180101095814096,0.2572966067165239,4.054170259714127,0.9569588050842285,4.054170259693167,2.0134968757629395,-3.0541701263994154
312,0.31708631944411353,0.2637935862721788,4.1461669938092705,0.9575815319438558,4.14616699380665,2.0362138748168945,-3.146166857488213
313,0.3200235384922204,0.26211087062596455,3.9501868206459085,0.9443242678380275,3.9501868206563886,1.987507700920105,-2.9501866907814236
314,0.3148501447814812,0.2589824412210086,4.178456037311763,0.9658708650148832,4.178456037369403,2.0441272258758545,-3.178455899989361
315,0.31750361170715885,0.26227834282564544,3.955497379874135,0.9411694935599526,3.9554973798623454,1.9888432025909424,-2.9554972498127787
316,0.3178963691002827,0.2567325882067454,4.035693111304399,0.9483766236776834,4.035693111346318,2.0089035034179688,-3.0356929786600615
317,0.3189114408053707,0.2566392140371249,4.015325436819386,0.9375964453246567,4.015325436877025,2.0038278102874756,-3.015325304860421
318,0.3155271924226616,0.2545907384094026,4.297515934686085,0.9800935744820061,4.297515934657264,2.073045015335083,-3.2975157933627495
319,0.3148137395988498,0.2707332105886827,3.8336698730987506,0.9180602620722174,3.8336698730725507,1.95797598361969,-2.833669747028451
320,0.3180657743739038,0.2533220700958033,4.172024164383228,0.9649949275635101,4.172024164328208,2.042553424835205,-3.172024027159634
321,0.31817102381821194,0.25838517698993796,4.273609765295144,0.9693995163886102,4.273609765279424,2.0672709941864014,-3.2736096247709003
322,0.31776865203564314,0.26227547215065256,3.8958928546316023,0.9436849731822591,3.8958928546067124,1.973801612854004,-2.895892726516834
323,0.3166736357584988,0.2528249108662481,4.142455756470397,0.9613663368853894,4.142455756486117,2.03530216217041,-3.1424556202896987
324,0.31654436662156166,0.2571021026915701,4.044537478884497,0.9523547751458137,4.044537478826858,2.011103630065918,-3.0445373458498146
325,0.3167498800036012,0.2549655142552801,4.0534258697622425,0.9723516243525914,4.053425869792372,2.0133121013641357,-3.053425736523095
326,0.317491234061244,0.2536611524985555,4.025936553166463,0.9477555846119975,4.025936553221483,2.0064737796783447,-3.025936420856004
327,0.31638777334307217,0.25669839086666074,3.9779098839700877,0.9451837875450051,3.9779098839425777,1.9944698810577393,-2.977909753156129
328,0.31655612534175076,0.25666949178805876,4.217316940270938,0.9715180619417966,4.2173169402630775,2.0536108016967773,-3.2173168016053593
329,0.31207284603914154,0.2723464128124994,3.7382107943099934,0.9188161863599504,3.7382107943283334,1.9334452152252197,-2.7382106714227548
330,0.3150745291106945,0.2559189336572828,4.194470714151204,0.9667397286760938,4.194470714130245,2.0480408668518066,-3.1944705762236687
331,0.3163588942743797,0.2562157773445835,4.209306357436128,0.9776903671432328,4.209306357454468,2.051659345626831,-3.2093062190601227
332,0.3161012660455801,0.26137786412618,4.112883879801729,0.9763140309511961,4.112883879818759,2.028024673461914,-3.11288374459461
333,0.31607817133211696,0.2545420416454781,3.98298687680475,0.9357627724448403,3.98298687681261,1.9957422018051147,-2.9829867458592387
334,0.3159657907831857,0.25360544868675566,3.9339193496075304,0.9300885530618521,3.9339193495918106,1.9834110736846924,-2.9339192202516906
335,0.3155522188296792,0.2544060028065316,3.918720972921822,0.9444995537432995,3.918720972948022,1.9795759916305542,-2.9187208441075967
336,0.3156371703335067,0.25293744039067834,4.271992823177642,0.9925590646345537,4.271992823189431,2.066879987716675,-3.27199268273407
337,0.3164555222534611,0.2570794831257301,4.040995473989419,0.9441199567396562,4.040995473968459,2.0102226734161377,-3.0409953411078705
338,0.31553804807610514,0.2549443474702989,3.9095633297700148,0.9278748632158552,3.909563329745125,1.9772615432739258,-2.9095632012057866
339,0.31550393608480315,0.25770460853880145,3.964829353653468,0.9306243211934855,3.9648293536482275,1.9911879301071167,-2.9648292232918427
340,0.3124531366150043,0.283190358471966,3.857894776045621,0.9218003851712405,3.857894776056101,1.9641523361206055,-2.8578946492155306
341,0.3167787019152316,0.2569229057683841,4.346039448174147,0.977966049351535,4.346039448155807,2.0847156047821045,-3.3460393052659265
342,0.313899388049354,0.26429279393474875,3.8010967549570314,0.9152276737716172,3.8010967549504815,1.949640154838562,-2.801096629977327
343,0.3150562598180581,0.2512650751721067,4.006210210530313,0.9504214027320945,4.006210210501493,2.001551866531372,-3.00621007878458
344,0.31479111837755824,0.254900748321076,3.9384390828989364,0.9383232033488514,3.9384390828766667,1.98455011844635,-2.9384389533879456
345,0.31516878346398464,0.25194946105494875,4.147996711679867,0.9733751474736811,4.147996711686417,2.036663293838501,-3.1479965753078227
346,0.31487207505675024,0.25138134180492416,4.131819957330987,0.9537986127832434,4.131819957330987,2.0326879024505615,-3.131819821484254
347,0.31359621789613296,0.2709472440678161,3.971123329821524,0.9573768374684093,3.9711233298110438,1.9927678108215332,-2.9711231992477245
348,0.3145225918321142,0.26453131162065413,4.067755499550274,0.9336424803157429,4.067755499573854,2.0168676376342773,-3.0677553658334444
349,0.3140427440421748,0.2619396365871749,3.884087041940008,0.9262728233861399,3.884087041929528,1.970808744430542,-2.8840869142278036
350,0.3126340510708192,0.2504076915738714,4.123292390605905,0.9561843618665423,4.123292390584946,2.0305893421173096,-3.123292255018584
351,0.3138732765253041,0.2522279129140634,4.1065939360293715,0.9589301709395188,4.106593936068671,2.0264732837677,-3.106593801051324
352,0.31290379838281535,0.2589156070798806,3.9709537035449523,0.9307427520332756,3.970953703602592,1.992725133895874,-2.970953573044849
353,0.3151934294863019,0.25121346129635763,4.069807437054403,0.9475046947814606,4.069807437043924,2.01737642288208,-3.0698073032360504
354,0.3108849517848335,0.26936218388045774,3.9627741379567554,0.9366134105514694,3.9627741379790256,1.9906717538833618,-2.962774007690212
355,0.3144946273303967,0.2625533914921073,3.9842584252501583,0.9385828109154335,3.984258425278978,1.9960607290267944,-2.9842582942838005
356,0.313718343133165,0.2574149980031611,3.904160758157353,0.9290857608292129,3.904160758157353,1.9758949279785156,-2.904160629795641
357,0.3137209777727708,0.2527694350341068,3.880529153578884,0.9341629926241362,3.8805291535487543,1.9699058532714844,-2.8805290259640066
358,0.31275493176716124,0.2554722471770757,4.045690745657617,0.9549112107622755,4.045690745628797,2.011390209197998,-3.0456906126138366
359,0.3148453286601997,0.251191747980139,3.9051251895558705,0.9230159301129016,3.90512518960827,1.976138949394226,-2.9051250612148496
360,0.31426822682719396,0.2540162058775436,4.000044860683954,0.9344993246518648,4.000044860708845,2.0000112056732178,-3.000044729194638
361,0.3128431550090103,0.2565373292822233,3.983595593229755,0.9410023132575738,3.9835955932533347,1.9958946704864502,-2.98359546227995
362,0.31215604025730276,0.25703554982308807,4.02997635266545,0.9602459682632278,4.029976352662831,2.0074801445007324,-3.0299762201645306
363,0.3154412541381335,0.25868691022786283,3.8599052195142916,0.9208409720619957,3.8599052194933314,1.9646642208099365,-2.8599050925866614
364,0.31450956337177916,0.25402068520543025,3.8876071414128766,0.931898663174975,3.887607141381437,1.9717015027999878,-2.8876070135639775
365,0.3142910248905756,0.25343576714370875,3.9594315658624355,0.9351754753825429,3.9594315658794654,1.9898320436477661,-2.95943143570055
366,0.31223109974452046,0.25330058618748447,4.008609474650451,0.938700768648923,4.008609474649141,2.0021512508392334,-3.0086093428533456
367,0.3125020755300657,0.25136530357162296,4.10481608908517,0.9555223787747896,4.10481608914543,2.0260345935821533,-3.1048159541865354
368,0.314698043825605,0.25419005620648566,3.9041119363150756,0.9257078566498809,3.9041119363124555,1.9758825302124023,-2.904111807952349
369,0.31224510077277345,0.25389855311669296,4.0464242472668275,0.9576860507713569,4.046424247269447,2.0115725994110107,-3.04642411423037
370,0.3128785433764384,0.2554538408676237,3.9839437061246934,0.9416614380930807,3.9839437061246934,1.9959819316864014,-2.9839435751398633
371,0.3125891909107502,0.2511922336820372,4.004936000871134,0.9395025928203876,4.0049360008423145,2.0012335777282715,-3.004935869167296
372,0.3113824635641408,0.24903495058221028,4.014653529947931,0.952694536607344,4.014653529887671,2.003660202026367,-3.0146533978931576
373,0.31200525137444873,0.25363069087232787,3.9826757926050123,0.9488118621910011,3.9826757926050123,1.9956642389297485,-2.982675661661869
374,0.31268400481296305,0.2528686936308906,3.8965801002009886,0.913182973253858,3.8965801001747886,1.9739757776260376,-2.896579972062315
375,0.31356630743711267,0.2553897577624892,3.9876682025665766,0.9451800346164912,3.9876682025783663,1.9969147443771362,-2.9876680714710817
376,0.31209227926601774,0.24958179540940714,3.933348193862936,0.931240658393273,3.9333481938917556,1.983267068862915,-2.9333480645704144
377,0.31166057249211643,0.259633743872211,4.214216529079191,0.9592226789495447,4.214216529088361,2.0528557300567627,-3.214216390532579
378,0.3126707410132558,0.2801374861063758,3.764562303334802,0.9306383303128756,3.7645623033059823,1.9402480125427246,-2.764562179534014
379,0.3104131582626865,0.2692678565093298,3.8551040080052155,0.916354059785277,3.8551040080091457,1.9634418487548828,-2.8551038812603307
380,0.3125287706843541,0.24796301032643753,4.127602460973866,0.953618158864451,4.127602461015785,2.0316503047943115,-3.1276023253077163
381,0.3125250853969688,0.24924437044890338,4.056445077293522,0.9411916893550328,4.0564450772673215,2.01406192779541,-3.0564449438987786
382,0.31099404738246583,0.26545369844213723,3.929863363327561,0.918668137036837,3.929863363307911,1.9823883771896362,-2.9298632341011444
383,0.3109665025868846,0.25201423508237797,4.044453604895008,0.9291034106474656,4.0444536048714275,2.011082649230957,-3.0444534718971417
384,0.310091268058184,0.25496929271012236,3.855089919935216,0.9201553389161498,3.855089919901156,1.9634382724761963,-2.8550897931528043
385,0.3112682341586905,0.25324693117610775,4.264408676054451,0.9796695049830846,4.264408676040041,2.065044403076172,-3.2644085358340327
386,0.3114368264986971,0.2564318660680815,4.05466231409272,0.9481663497882885,4.05466231408617,2.0136191844940186,-3.0546621807762406
387,0.31114918311529965,0.2558184849787482,3.8321713268907516,0.9044126562076611,3.8321713268619315,1.9575932025909424,-2.832171200867102
388,0.3106718580892693,0.24734505767094447,4.132118245606894,0.9463688363924131,4.132118245651434,2.0327610969543457,-3.1321181097948942
389,0.3096485387399603,0.247280682103638,4.191888274539303,0.9656316134798658,4.191888274552403,2.047410249710083,-3.191888136730733
390,0.31136287544423313,0.2455797474144319,4.1653491515694085,0.9530300253040188,4.165349151519629,2.0409185886383057,-3.165349014570517
391,0.30661594137096665,0.29524784657895087,3.9847762015547072,0.9564173416095776,3.984776201540297,1.9961904287338257,-2.9847760705280963
392,0.31410604477356713,0.24782324554387988,4.020478829962866,0.9447666484707005,4.020478829978587,2.005113124847412,-3.020478697792548
393,0.30912670441903706,0.24911135668820464,3.8493330714532306,0.9265213920467502,3.849333071400831,1.9619717597961426,-2.849332944841754
394,0.31001229786904205,0.24591065829092762,3.942430887444989,0.9289124586713183,3.942430887418789,1.985555648803711,-2.942430757798825
395,0.3101246073626582,0.24703428574409955,3.9809949321707525,0.9294493829915812,3.9809949321930227,1.9952430725097656,-2.9809948013051426
396,0.30948688461875795,0.2678838278607541,3.997850020946055,0.9357320866532378,3.9978500209434347,1.9994624853134155,-2.9978498895013903
397,0.31059360770773675,0.2469957705557278,4.1050564559685006,0.9494254318908021,4.105056455971121,2.0260939598083496,-3.105056321004323
398,0.3118672000543611,0.24755284162953,4.0114135394993715,0.9433408592035483,4.0114135394469725,2.0028512477874756,-3.011413407558984
399,0.31188909793331704,0.24465859050842223,3.9802611327105826,0.9287437875978239,3.9802611327498822,1.9950591325759888,-2.9802610018861286
400,0.31008489887452606,0.24684133024551272,4.002254886842036,0.9320471815276932,4.002254886851206,2.000563621520996,-3.002254755264337
401,0.3113608136210624,0.2475434966769415,4.170818447609524,0.9553684586116246,4.170818447613454,2.0422582626342773,-3.1708183104845222
402,0.3097427310518559,0.24566259954427663,4.0407762270216105,0.9326795010409512,4.04077622704388,2.0101683139801025,-3.0407760941905
403,0.3098598033596705,0.25489328418221463,4.015592860098724,0.9436612959851275,4.015592860105273,2.003894567489624,-3.015592728079877
404,0.31002676465764334,0.2504197273868534,4.095453004563248,0.9537074636836629,4.095453004502988,2.0237224102020264,-3.0954528698519352
405,0.308879271389852,0.2511282335493163,3.8042872779068055,0.9108411749745463,3.8042872778923957,1.950458288192749,-2.8042871528143425
406,0.3092676059571983,0.24537022799372946,3.8816404954273622,0.9193841066465273,3.881640495424742,1.9701879024505615,-2.8816403678034557
407,0.3099602735193472,0.24539990816372026,4.0168225600876655,0.9310284682263384,4.016822560111245,2.0042011737823486,-3.016822428045418
408,0.3087699747837616,0.24784540377284175,4.248039829110051,0.9562915924198024,4.248039829062892,2.061077356338501,-3.2480396893950605
409,0.3101160466911741,0.2451359288380796,3.9915492879244,0.9236206245631962,3.9915492879296397,1.9978861808776855,-2.991549156694752
410,0.3099352333143418,0.24554581021567867,4.054762401149168,0.9314633979797363,4.054762401120349,2.013643980026245,-3.054762267807128
411,0.3094136691131693,0.25239724687429704,3.763625808461682,0.8898717905296074,3.7636258084905014,1.9400066137313843,-2.7636256847493237
412,0.3106325275562657,0.245735670645366,3.939459878870419,0.9192870773483108,3.939459878899239,1.9848072528839111,-2.9394597493769563
413,0.3103270478026458,0.24927995852221396,3.966527727550203,0.9308423213120345,3.9665277275619926,1.9916143417358398,-2.966527597149768
414,0.3100418490683523,0.2510085148854183,3.9021473989643893,0.9121137007828597,3.9021473989172297,1.975385308265686,-2.9021472706217133
415,0.310068569098658,0.24644114322030122,3.9438854989101597,0.9309074685023381,3.94388549887086,1.985921859741211,-2.943885369203071
416,0.30719691467243493,0.24552119596085734,4.037716359884529,0.9336317456423582,4.03771635981117,2.009406805038452,-3.037716227058392
417,0.3090004764296746,0.24451601376707952,3.895131229302385,0.9144154873103886,3.895131229320725,1.9736087322235107,-2.895131101255888
418,0.309529535292471,0.24884081205858807,3.9358699989489145,0.9181112064110054,3.935869998963325,1.9839026927947998,-2.9358698695590704
419,0.309970980201451,0.2440945484542116,3.958354950776467,0.9169556499313523,3.958354950779087,1.9895615577697754,-2.9583548206355688
420,0.3093871615925045,0.24753750648396464,3.817694508089469,0.902928552522764,3.8176945080658893,1.9538921117782593,-2.8176943825470304
421,0.3089513776097625,0.24846113569744332,3.953282113258655,0.9289404825587849,3.9532821132403155,1.9882861375808716,-2.9532819832635826
422,0.3086173324140487,0.24616055014027968,3.824465279049926,0.9063606357574463,3.824465278992286,1.955623984336853,-2.824465153250817
423,0.3100471999370716,0.2544414633200136,3.7380798466127,0.8942747874417147,3.73807984655244,1.9334113597869873,-2.738079723651167
424,0.3089228066052313,0.24912283462637616,3.7527470178853024,0.9015715181958545,3.752747017907572,1.937200903892517,-2.752746894524069
425,0.30745001554757,0.2516368350553895,3.8898274282072927,0.9135295426295353,3.889827428191573,1.9722645282745361,-2.889827300301115
426,0.30666527480006955,0.24683261078666097,3.7776048830210507,0.8983884034209199,3.7776048830367706,1.9436061382293701,-2.7776047588359862
427,0.3085871421737612,0.2436801051582292,4.016002666126241,0.9339207899701464,4.016002666115761,2.0039966106414795,-3.0160025340768906
428,0.30794954017249965,0.2570831912250726,3.851215019377378,0.9100766219883175,3.8512150193577286,1.9624513387680054,-2.851214892736776
429,0.30849700076676395,0.24331762138092708,3.9079717645225944,0.9163118627359579,3.9079717645252146,1.9768590927124023,-2.9079716360382037
430,0.3073827818847691,0.2443706446620641,3.813271744001698,0.9007937985933744,3.8132717440134876,1.952760100364685,-2.8132716186400417
431,0.3078001471105682,0.24351508890973128,3.998247329248177,0.9252772157480429,3.998247329206257,1.9995617866516113,-2.99824719775115
432,0.3077730982221417,0.24367331627410713,4.003655360838869,0.925097806259826,4.00365536077861,2.000913619995117,-3.0036552291456964
433,0.3072254362547543,0.2461619898932906,3.8152379457524845,0.9003707923784361,3.8152379457000847,1.9532634019851685,-2.8152378202619937
434,0.30758079891913975,0.25001896267067664,3.7142419190917697,0.8860385738205123,3.71424191908522,1.9272369146347046,-2.7142417969676944
435,0.3063681851081257,0.24922166934529189,4.076755393565356,0.9525515851869688,4.076755393566666,2.0190978050231934,-3.0767552595303567
436,0.309019137567127,0.2497612340979594,3.7278520209632076,0.8976318066775144,3.727852020935698,1.9307645559310913,-2.727851898370697
437,0.30732687334503567,0.2450271843395965,3.913820287147721,0.9180560599631006,3.9138202871189014,1.9783377647399902,-2.9138201584396017
438,0.3082630370390126,0.24697908912780017,3.935458242098545,0.9320027140051454,3.935458242110335,1.9837989807128906,-2.9354581127196187
439,0.3073663933439497,0.2590085257668334,3.804671889882821,0.9069833423488742,3.8046718898605514,1.9505568742752075,-2.8046717647698527
440,0.30780599330814645,0.2443085325188414,3.838348858198622,0.9091148578308441,3.8383488581776617,1.9591704607009888,-2.8383487319797256
441,0.305921745454181,0.2485751653390959,3.815373119552057,0.9013484334002484,3.815373119521927,1.9532980918884277,-2.8153729940793917
442,0.3053154934529201,0.24460662220309212,4.160240818114726,0.9520408395620493,4.160240818167126,2.0396668910980225,-3.160240681385967
443,0.3037472674852157,0.25368926861672264,3.771480887237486,0.8944328349186824,3.771480887253206,1.9420300722122192,-2.7714807632537672
444,0.3060907455156969,0.24834003187929368,3.687937311781632,0.8831703396681901,3.6879373117868717,1.9204002618789673,-2.687937190534194
445,0.3069875744107512,0.24560757191704516,3.7379986662373437,0.893987853217911,3.7379986662976035,1.933390498161316,-2.7379985433989993
446,0.3047625620661538,0.2584402613393015,3.7563755551864815,0.9013133011912251,3.7563755551563514,1.938137173652649,-2.7563754316535487
447,0.3059579591675819,0.24512102415684914,3.893957318498538,0.9263262627570183,3.893957318480198,1.973311185836792,-2.893957190453957
448,0.3052532449778739,0.2528516151420644,3.8468386822179124,0.9238150584671524,3.8468386822218426,1.9613360166549683,-2.8468385557447764
449,0.3053374602282335,0.26503679470115377,3.6388283772835366,0.9130512857541934,3.6388283772913965,1.9075713157653809,-2.6388282576533313
450,0.3067569589998396,0.2453062696009021,3.8022195410924953,0.9031026958214058,3.802219541117385,1.9499281644821167,-2.8022194161073153
451,0.3060040490973785,0.24499049497446107,3.881673632599495,0.9105605641249772,3.8816736325837753,1.97019624710083,-2.8816735049613995
452,0.30650538559389867,0.2460231908045513,4.0925640228646145,0.9302572883773637,4.092564022858064,2.0230085849761963,-3.0925638883019957
453,0.3053867343128488,0.25005138145219896,3.785839048219251,0.9036052951603145,3.785839048241521,1.945723295211792,-2.785838923770012
454,0.3075337183540391,0.2462593539964668,3.9743222249150274,0.9343295574397831,3.974322224896688,1.993570327758789,-2.9743220942281945
455,0.3057212254954028,0.25440237472198673,3.8124166482903146,0.9120107168889308,3.8124166482890045,1.9525411128997803,-2.812416522943672
456,0.3069198552253964,0.2581178035616943,3.763863459763946,0.8932569544865535,3.763863459779666,1.940068006515503,-2.7638633360306746
457,0.30420674359959105,0.2502654678727002,3.83967453786305,0.928316282251379,3.8396745378486403,1.9595087766647339,-2.839674411607118
458,0.3056129462937469,0.25400466394801663,3.7341032393096567,0.8889832774990207,3.7341032393253766,1.9323828220367432,-2.7341031165548473
459,0.3069135589682337,0.2426227103470732,3.896379646419169,0.9262919634095915,3.8963796464715683,1.973924994468689,-2.8963795183656855
460,0.3068199520805295,0.24371699542404587,3.8357408274744564,0.9154577751683665,3.835740827445637,1.9585047960281372,-2.835740701333448
461,0.304702011610277,0.24205105390446635,4.093233122643533,0.9499143307864011,4.093233122629123,2.0231740474700928,-3.0932329880510565
462,0.30638792681835725,0.23990484637348033,3.9761058119666446,0.9287210946135469,3.9761058119509247,1.9940176010131836,-2.9761056812237903
463,0.30665960516227747,0.24352303441797404,3.784841756949058,0.9066564428203708,3.784841756979188,1.9454669952392578,-2.784841632540468
464,0.3015792124973873,0.2441018311722889,4.1382444086037165,0.9564114389314756,4.138244408643017,2.0342676639556885,-3.1382442725850597
465,0.30515098789766404,0.25021845840156626,3.7635223458373286,0.9029221867257422,3.7635223458111287,1.939979910850525,-2.763522222073352
466,0.3074220344166671,0.24123779681062096,4.0188952832359535,0.9258820746390374,4.018895283266083,2.004718065261841,-3.018895151132109
467,0.3052011999169969,0.24820637439739254,3.7820505726212983,0.8951166113339938,3.782050572627848,1.9447494745254517,-2.7820504482808976
468,0.305437993755955,0.24358853487530457,3.8629137169017898,0.9049132067711799,3.8629137169096497,1.9654295444488525,-2.8629135899040654
469,0.3063160097162526,0.23961145536587888,3.9732645560463706,0.9239670705690489,3.973264556004451,1.993304967880249,-2.973264425370732
470,0.3055229737751217,0.24074697365935246,3.9943647650896192,0.9297012264545147,3.9943647651014094,1.9985907077789307,-2.994364633773954
471,0.3051378455335565,0.24228491544219977,3.9624248087324285,0.9292663225446428,3.9624248087062286,1.9905840158462524,-2.9624246784289006
472,0.3055322524173888,0.2466252914549866,3.6058839502072595,0.8769067110334123,3.6058839502229794,1.898916482925415,-2.6058838316680673
473,0.30480387281810567,0.24213064953872565,3.867182901415851,0.9050632557082963,3.8671829014577708,1.9665154218673706,-2.8671827743118237
474,0.3062097999418482,0.24069380120663367,4.007757946464387,0.9253573518480573,4.007757946501067,2.001938581466675,-3.0077578147332673
475,0.3065301926266467,0.24520506512838813,3.8015721695717875,0.9061645670775529,3.8015721695220077,1.9497621059417725,-2.801572044533222
476,0.3043469852389696,0.23971586835283662,4.034491101648781,0.9477981146822919,4.034491101690701,2.0086042881011963,-3.034490969043964
477,0.30302192569480724,0.2420932946494116,4.135117294532912,0.9480477539942814,4.135117294493613,2.033498764038086,-3.1351171585384696
478,0.3065159358596912,0.24587873867867602,3.8290423535999363,0.9116170546982315,3.8290423535920763,1.9567939043045044,-2.829042227700121
479,0.3053541232545327,0.24436851578667537,3.745130142703161,0.8956546959929413,3.745130142716261,1.9352338314056396,-2.745130019583187
480,0.30327871910975956,0.24123765596008315,4.073190487748974,0.9521627074440757,4.073190487691335,2.018214702606201,-3.0731903537722323
481,0.30530077474269224,0.2436043410345417,3.7544442680353645,0.89584402350541,3.754444268005235,1.9376388788223267,-2.7544441445659293
482,0.30391396263288684,0.23871170537714834,3.939794083229133,0.9215811704069703,3.9397940832003133,1.984891414642334,-2.9397939536670425
483,0.3043124146213148,0.24027210529146872,3.7820044825247354,0.8984076257223611,3.7820044825247354,1.9447376728057861,-2.7820043581793
484,0.3023318970296793,0.24745646127310816,4.258592482556353,0.975090068429381,4.258592482583864,2.06363582611084,-3.258592342569081
485,0.3067936206496868,0.25379457075451795,3.748807641871028,0.9041028133853451,3.7488076418880576,1.9361838102340698,-2.748807518634074
486,0.3030308814774545,0.23925889445445314,3.933751789214847,0.9230465918320876,3.9337517892620064,1.9833687543869019,-2.9337516599273954
487,0.30356423415540124,0.24461390849838688,4.1885404816020975,0.9681855900942624,4.188540481629607,2.0465922355651855,-3.1885403439180067
488,0.30644698921477265,0.24167034661595765,3.8372555481202,0.9048599335597112,3.8372555481621196,1.9588913917541504,-2.83725542200013
489,0.3042801618625519,0.23909772847398245,3.8092546979703092,0.9087471190756494,3.809254698009609,1.9517312049865723,-2.809254572768236
490,0.3055579519140836,0.2466904669842189,3.6680966704086617,0.8877768615575937,3.6680966704256917,1.9152275323867798,-2.668096549825338
491,0.30506543075024073,0.2410047083041222,3.615831138444471,0.8755339202252063,3.6158311384667408,1.901533842086792,-2.6158310195847827
492,0.3036903183462992,0.2426048934899211,3.821120952824315,0.8992123831864242,3.821120952829555,1.9547687768936157,-2.821120827198041
493,0.3024182431052926,0.2523532119420659,3.461774086412493,0.859379432112306,3.4617740864282127,1.8605843782424927,-2.4617739726113705
494,0.3043301227297822,0.24493626179248265,3.8398948532739183,0.9243336189605378,3.8398948532843984,1.9595649242401123,-2.8398947270356327
495,0.30485050744483544,0.24049927107499056,3.7439898648646017,0.9008179232471591,3.7439898648370917,1.9349392652511597,-2.743989741741508
496,0.30514650651878955,0.25659955711896615,4.01357192611854,0.9299401625748519,4.01357192611854,2.003390073776245,-3.0135717941595876
497,0.30470207140805095,0.24024163389798223,3.921853263584467,0.9233032437628442,3.9218532635320673,1.9803669452667236,-2.921853134588658
498,0.30344539500855033,0.24403349132301608,3.951073251610274,0.9403504556718764,3.9510732516364735,1.9877307415008545,-2.9510731217323642
499,0.3037520936254406,0.24142862663978767,3.698703685792593,0.8959163813171805,3.6987036858043827,1.9232014417648315,-2.6987035641977264
500,0.30398377928860576,0.2431630206519454,3.590828746035204,0.8755905883181226,3.590828746044374,1.894948124885559,-2.590828627984449
